{
    "type": "FeatureCollection",
    "features": [
        {
            "type": "Feature",
            "geometry": {
                "type": "Polygon",
                "coordinates": [
                    [
                        [
                            25.14,
                            43.267
                        ],
                        [
                            25.142,
                            43.254
                        ],
                        [
                            25.132,
                            43.237
                        ],
                        [
                            25.132,
                            43.236
                        ],
                        [
                            25.13,
                            43.234
                        ],
                        [
                            25.127,
                            43.233
                        ],
                        [
                            25.127,
                            43.231
                        ],
                        [
                            25.119,
                            43.221
                        ],
                        [
                            25.118,
                            43.22
                        ],
                        [
                            25.114,
                            43.219
                        ],
                        [
                            25.117,
                            43.215
                        ],
                        [
                            25.115,
                            43.2
                        ],
                        [
                            25.112,
                            43.191
                        ],
                        [
                            25.111,
                            43.189
                        ],
                        [
                            25.108,
                            43.186
                        ],
                        [
                            25.107,
                            43.186
                        ],
                        [
                            25.077,
                            43.178
                        ],
                        [
                            25.076,
                            43.178
                        ],
                        [
                            25.013,
                            43.181
                        ],
                        [
                            24.994,
                            43.193
                        ],
                        [
                            24.99,
                            43.191
                        ],
                        [
                            24.974,
                            43.193
                        ],
                        [
                            24.973,
                            43.191
                        ],
                        [
                            24.957,
                            43.188
                        ],
                        [
                            24.957,
                            43.187
                        ],
                        [
                            24.958,
                            43.186
                        ],
                        [
                            24.957,
                            43.185
                        ],
                        [
                            24.956,
                            43.185
                        ],
                        [
                            24.957,
                            43.183
                        ],
                        [
                            24.958,
                            43.183
                        ],
                        [
                            24.96,
                            43.182
                        ],
                        [
                            24.963,
                            43.182
                        ],
                        [
                            24.964,
                            43.182
                        ],
                        [
                            24.964,
                            43.181
                        ],
                        [
                            24.963,
                            43.17
                        ],
                        [
                            24.962,
                            43.17
                        ],
                        [
                            24.973,
                            43.156
                        ],
                        [
                            24.967,
                            43.123
                        ],
                        [
                            24.967,
                            43.122
                        ],
                        [
                            24.939,
                            43.115
                        ],
                        [
                            24.939,
                            43.114
                        ],
                        [
                            24.937,
                            43.114
                        ],
                        [
                            24.936,
                            43.114
                        ],
                        [
                            24.928,
                            43.114
                        ],
                        [
                            24.918,
                            43.104
                        ],
                        [
                            24.926,
                            43.077
                        ],
                        [
                            24.926,
                            43.076
                        ],
                        [
                            24.925,
                            43.076
                        ],
                        [
                            24.923,
                            43.072
                        ],
                        [
                            24.922,
                            43.072
                        ],
                        [
                            24.919,
                            43.067
                        ],
                        [
                            24.937,
                            43.049
                        ],
                        [
                            24.936,
                            43.049
                        ],
                        [
                            24.944,
                            43.037
                        ],
                        [
                            24.944,
                            43.036
                        ],
                        [
                            24.945,
                            43.036
                        ],
                        [
                            24.952,
                            43.034
                        ],
                        [
                            24.945,
                            43.029
                        ],
                        [
                            24.932,
                            43.025
                        ],
                        [
                            24.921,
                            43.021
                        ],
                        [
                            24.91,
                            43.021
                        ],
                        [
                            24.897,
                            43.019
                        ],
                        [
                            24.878,
                            43.016
                        ],
                        [
                            24.878,
                            43.015
                        ],
                        [
                            24.878,
                            43.012
                        ],
                        [
                            24.871,
                            42.989
                        ],
                        [
                            24.872,
                            42.983
                        ],
                        [
                            24.872,
                            42.982
                        ],
                        [
                            24.872,
                            42.981
                        ],
                        [
                            24.873,
                            42.973
                        ],
                        [
                            24.87,
                            42.965
                        ],
                        [
                            24.872,
                            42.952
                        ],
                        [
                            24.871,
                            42.946
                        ],
                        [
                            24.884,
                            42.938
                        ],
                        [
                            24.884,
                            42.937
                        ],
                        [
                            24.886,
                            42.925
                        ],
                        [
                            24.88,
                            42.913
                        ],
                        [
                            24.88,
                            42.912
                        ],
                        [
                            24.88,
                            42.908
                        ],
                        [
                            24.884,
                            42.897
                        ],
                        [
                            24.907,
                            42.877
                        ],
                        [
                            24.909,
                            42.874
                        ],
                        [
                            24.932,
                            42.878
                        ],
                        [
                            24.932,
                            42.879
                        ],
                        [
                            24.938,
                            42.882
                        ],
                        [
                            24.941,
                            42.884
                        ],
                        [
                            24.966,
                            42.878
                        ],
                        [
                            24.967,
                            42.878
                        ],
                        [
                            24.968,
                            42.878
                        ],
                        [
                            24.979,
                            42.854
                        ],
                        [
                            24.979,
                            42.841
                        ],
                        [
                            24.992,
                            42.821
                        ],
                        [
                            24.997,
                            42.816
                        ],
                        [
                            25.008,
                            42.809
                        ],
                        [
                            25.015,
                            42.767
                        ],
                        [
                            25.015,
                            42.754
                        ],
                        [
                            25.015,
                            42.749
                        ],
                        [
                            25.014,
                            42.748
                        ],
                        [
                            25.014,
                            42.747
                        ],
                        [
                            25.007,
                            42.747
                        ],
                        [
                            25.008,
                            42.748
                        ],
                        [
                            25,
                            42.749
                        ],
                        [
                            24.994,
                            42.752
                        ],
                        [
                            24.987,
                            42.749
                        ],
                        [
                            24.982,
                            42.748
                        ],
                        [
                            24.985,
                            42.747
                        ],
                        [
                            24.985,
                            42.746
                        ],
                        [
                            25.007,
                            42.738
                        ],
                        [
                            24.939,
                            42.728
                        ],
                        [
                            24.915,
                            42.716
                        ],
                        [
                            24.892,
                            42.722
                        ],
                        [
                            24.867,
                            42.722
                        ],
                        [
                            24.837,
                            42.728
                        ],
                        [
                            24.78,
                            42.716
                        ],
                        [
                            24.78,
                            42.715
                        ],
                        [
                            24.756,
                            42.709
                        ],
                        [
                            24.755,
                            42.709
                        ],
                        [
                            24.72,
                            42.715
                        ],
                        [
                            24.686,
                            42.722
                        ],
                        [
                            24.674,
                            42.727
                        ],
                        [
                            24.66,
                            42.744
                        ],
                        [
                            24.652,
                            42.749
                        ],
                        [
                            24.641,
                            42.769
                        ],
                        [
                            24.622,
                            42.778
                        ],
                        [
                            24.606,
                            42.781
                        ],
                        [
                            24.599,
                            42.781
                        ],
                        [
                            24.581,
                            42.788
                        ],
                        [
                            24.559,
                            42.79
                        ],
                        [
                            24.547,
                            42.788
                        ],
                        [
                            24.502,
                            42.792
                        ],
                        [
                            24.494,
                            42.794
                        ],
                        [
                            24.494,
                            42.793
                        ],
                        [
                            24.477,
                            42.758
                        ],
                        [
                            24.464,
                            42.75
                        ],
                        [
                            24.423,
                            42.754
                        ],
                        [
                            24.386,
                            42.75
                        ],
                        [
                            24.334,
                            42.75
                        ],
                        [
                            24.286,
                            42.773
                        ],
                        [
                            24.245,
                            42.775
                        ],
                        [
                            24.229,
                            42.767
                        ],
                        [
                            24.203,
                            42.763
                        ],
                        [
                            24.18,
                            42.766
                        ],
                        [
                            24.18,
                            42.767
                        ],
                        [
                            24.128,
                            42.775
                        ],
                        [
                            24.128,
                            42.783
                        ],
                        [
                            24.15,
                            42.788
                        ],
                        [
                            24.2,
                            42.82
                        ],
                        [
                            24.178,
                            42.814
                        ],
                        [
                            24.167,
                            42.819
                        ],
                        [
                            24.168,
                            42.819
                        ],
                        [
                            24.192,
                            42.834
                        ],
                        [
                            24.175,
                            42.846
                        ],
                        [
                            24.175,
                            42.847
                        ],
                        [
                            24.174,
                            42.847
                        ],
                        [
                            24.171,
                            42.865
                        ],
                        [
                            24.171,
                            42.869
                        ],
                        [
                            24.171,
                            42.888
                        ],
                        [
                            24.177,
                            42.9
                        ],
                        [
                            24.173,
                            42.901
                        ],
                        [
                            24.172,
                            42.908
                        ],
                        [
                            24.173,
                            42.908
                        ],
                        [
                            24.155,
                            42.935
                        ],
                        [
                            24.133,
                            42.931
                        ],
                        [
                            24.089,
                            42.942
                        ],
                        [
                            24.09,
                            42.942
                        ],
                        [
                            24.086,
                            42.952
                        ],
                        [
                            24.086,
                            42.953
                        ],
                        [
                            24.072,
                            42.959
                        ],
                        [
                            24.065,
                            42.981
                        ],
                        [
                            24.077,
                            42.984
                        ],
                        [
                            24.068,
                            42.994
                        ],
                        [
                            24.048,
                            43.025
                        ],
                        [
                            24.047,
                            43.025
                        ],
                        [
                            24.042,
                            43.03
                        ],
                        [
                            24.042,
                            43.031
                        ],
                        [
                            24.045,
                            43.05
                        ],
                        [
                            24.045,
                            43.051
                        ],
                        [
                            24.044,
                            43.06
                        ],
                        [
                            24.036,
                            43.062
                        ],
                        [
                            24.035,
                            43.062
                        ],
                        [
                            24.013,
                            43.06
                        ],
                        [
                            24.012,
                            43.06
                        ],
                        [
                            23.972,
                            43.062
                        ],
                        [
                            23.971,
                            43.062
                        ],
                        [
                            23.967,
                            43.058
                        ],
                        [
                            23.963,
                            43.052
                        ],
                        [
                            23.964,
                            43.052
                        ],
                        [
                            23.963,
                            43.051
                        ],
                        [
                            23.963,
                            43.05
                        ],
                        [
                            23.963,
                            43.032
                        ],
                        [
                            23.951,
                            43.028
                        ],
                        [
                            23.946,
                            43.026
                        ],
                        [
                            23.926,
                            43.033
                        ],
                        [
                            23.925,
                            43.041
                        ],
                        [
                            23.878,
                            43.055
                        ],
                        [
                            23.851,
                            43.048
                        ],
                        [
                            23.85,
                            43.048
                        ],
                        [
                            23.839,
                            43.05
                        ],
                        [
                            23.832,
                            43.051
                        ],
                        [
                            23.832,
                            43.052
                        ],
                        [
                            23.828,
                            43.053
                        ],
                        [
                            23.81,
                            43.051
                        ],
                        [
                            23.81,
                            43.052
                        ],
                        [
                            23.803,
                            43.067
                        ],
                        [
                            23.789,
                            43.068
                        ],
                        [
                            23.757,
                            43.071
                        ],
                        [
                            23.733,
                            43.05
                        ],
                        [
                            23.732,
                            43.05
                        ],
                        [
                            23.729,
                            43.048
                        ],
                        [
                            23.717,
                            43.037
                        ],
                        [
                            23.716,
                            43.037
                        ],
                        [
                            23.7,
                            43.027
                        ],
                        [
                            23.698,
                            43.026
                        ],
                        [
                            23.682,
                            43.033
                        ],
                        [
                            23.681,
                            43.033
                        ],
                        [
                            23.647,
                            43.045
                        ],
                        [
                            23.636,
                            43.059
                        ],
                        [
                            23.627,
                            43.058
                        ],
                        [
                            23.624,
                            43.055
                        ],
                        [
                            23.593,
                            43.035
                        ],
                        [
                            23.592,
                            43.035
                        ],
                        [
                            23.571,
                            42.999
                        ],
                        [
                            23.567,
                            42.994
                        ],
                        [
                            23.553,
                            43.005
                        ],
                        [
                            23.552,
                            43.005
                        ],
                        [
                            23.549,
                            43.005
                        ],
                        [
                            23.541,
                            43.008
                        ],
                        [
                            23.542,
                            43.008
                        ],
                        [
                            23.54,
                            43.009
                        ],
                        [
                            23.539,
                            43.011
                        ],
                        [
                            23.521,
                            43.023
                        ],
                        [
                            23.522,
                            43.024
                        ],
                        [
                            23.522,
                            43.031
                        ],
                        [
                            23.515,
                            43.044
                        ],
                        [
                            23.502,
                            43.048
                        ],
                        [
                            23.492,
                            43.074
                        ],
                        [
                            23.491,
                            43.074
                        ],
                        [
                            23.475,
                            43.072
                        ],
                        [
                            23.473,
                            43.073
                        ],
                        [
                            23.456,
                            43.093
                        ],
                        [
                            23.452,
                            43.097
                        ],
                        [
                            23.455,
                            43.103
                        ],
                        [
                            23.457,
                            43.112
                        ],
                        [
                            23.456,
                            43.112
                        ],
                        [
                            23.479,
                            43.131
                        ],
                        [
                            23.486,
                            43.135
                        ],
                        [
                            23.475,
                            43.154
                        ],
                        [
                            23.464,
                            43.153
                        ],
                        [
                            23.425,
                            43.153
                        ],
                        [
                            23.414,
                            43.161
                        ],
                        [
                            23.413,
                            43.161
                        ],
                        [
                            23.412,
                            43.161
                        ],
                        [
                            23.386,
                            43.156
                        ],
                        [
                            23.385,
                            43.155
                        ],
                        [
                            23.322,
                            43.159
                        ],
                        [
                            23.318,
                            43.138
                        ],
                        [
                            23.291,
                            43.121
                        ],
                        [
                            23.29,
                            43.121
                        ],
                        [
                            23.254,
                            43.13
                        ],
                        [
                            23.247,
                            43.112
                        ],
                        [
                            23.236,
                            43.113
                        ],
                        [
                            23.236,
                            43.114
                        ],
                        [
                            23.224,
                            43.114
                        ],
                        [
                            23.223,
                            43.114
                        ],
                        [
                            23.204,
                            43.113
                        ],
                        [
                            23.201,
                            43.115
                        ],
                        [
                            23.189,
                            43.115
                        ],
                        [
                            23.16,
                            43.111
                        ],
                        [
                            23.143,
                            43.112
                        ],
                        [
                            23.141,
                            43.113
                        ],
                        [
                            23.142,
                            43.113
                        ],
                        [
                            23.141,
                            43.114
                        ],
                        [
                            23.108,
                            43.11
                        ],
                        [
                            23.108,
                            43.123
                        ],
                        [
                            23.071,
                            43.162
                        ],
                        [
                            23.069,
                            43.165
                        ],
                        [
                            23.068,
                            43.165
                        ],
                        [
                            23.04,
                            43.185
                        ],
                        [
                            23.015,
                            43.198
                        ],
                        [
                            23.006,
                            43.193
                        ],
                        [
                            22.954,
                            43.207
                        ],
                        [
                            22.94,
                            43.203
                        ],
                        [
                            22.896,
                            43.231
                        ],
                        [
                            22.849,
                            43.276
                        ],
                        [
                            22.845,
                            43.297
                        ],
                        [
                            22.832,
                            43.313
                        ],
                        [
                            22.828,
                            43.328
                        ],
                        [
                            22.827,
                            43.33
                        ],
                        [
                            22.826,
                            43.33
                        ],
                        [
                            22.796,
                            43.342
                        ],
                        [
                            22.768,
                            43.375
                        ],
                        [
                            22.748,
                            43.387
                        ],
                        [
                            22.747,
                            43.387
                        ],
                        [
                            22.723,
                            43.396
                        ],
                        [
                            22.679,
                            43.394
                        ],
                        [
                            22.661,
                            43.426
                        ],
                        [
                            22.639,
                            43.433
                        ],
                        [
                            22.596,
                            43.436
                        ],
                        [
                            22.576,
                            43.464
                        ],
                        [
                            22.533,
                            43.471
                        ],
                        [
                            22.525,
                            43.486
                        ],
                        [
                            22.494,
                            43.552
                        ],
                        [
                            22.49,
                            43.56
                        ],
                        [
                            22.496,
                            43.584
                        ],
                        [
                            22.489,
                            43.643
                        ],
                        [
                            22.44,
                            43.674
                        ],
                        [
                            22.406,
                            43.7
                        ],
                        [
                            22.405,
                            43.716
                        ],
                        [
                            22.405,
                            43.717
                        ],
                        [
                            22.395,
                            43.729
                        ],
                        [
                            22.402,
                            43.759
                        ],
                        [
                            22.378,
                            43.775
                        ],
                        [
                            22.357,
                            43.809
                        ],
                        [
                            22.37,
                            43.831
                        ],
                        [
                            22.39,
                            43.89
                        ],
                        [
                            22.388,
                            43.927
                        ],
                        [
                            22.409,
                            43.941
                        ],
                        [
                            22.408,
                            43.941
                        ],
                        [
                            22.413,
                            43.972
                        ],
                        [
                            22.41,
                            43.984
                        ],
                        [
                            22.414,
                            44.006
                        ],
                        [
                            22.455,
                            44.017
                        ],
                        [
                            22.486,
                            44.02
                        ],
                        [
                            22.487,
                            44.02
                        ],
                        [
                            22.53,
                            44.02
                        ],
                        [
                            22.533,
                            44.051
                        ],
                        [
                            22.585,
                            44.062
                        ],
                        [
                            22.624,
                            44.073
                        ],
                        [
                            22.612,
                            44.114
                        ],
                        [
                            22.618,
                            44.173
                        ],
                        [
                            22.636,
                            44.178
                        ],
                        [
                            22.655,
                            44.205
                        ],
                        [
                            22.657,
                            44.207
                        ],
                        [
                            22.669,
                            44.208
                        ],
                        [
                            22.682,
                            44.2
                        ],
                        [
                            22.694,
                            44.205
                        ],
                        [
                            22.733,
                            44.202
                        ],
                        [
                            22.763,
                            44.188
                        ],
                        [
                            22.808,
                            44.156
                        ],
                        [
                            22.838,
                            44.148
                        ],
                        [
                            22.874,
                            44.133
                        ],
                        [
                            22.923,
                            44.102
                        ],
                        [
                            23.003,
                            44.094
                        ],
                        [
                            23.034,
                            44.083
                        ],
                        [
                            23.045,
                            44.059
                        ],
                        [
                            23.037,
                            44.046
                        ],
                        [
                            23.01,
                            44.014
                        ],
                        [
                            22.948,
                            44.005
                        ],
                        [
                            22.926,
                            44
                        ],
                        [
                            22.889,
                            43.989
                        ],
                        [
                            22.862,
                            43.934
                        ],
                        [
                            22.838,
                            43.886
                        ],
                        [
                            22.839,
                            43.872
                        ],
                        [
                            22.853,
                            43.851
                        ],
                        [
                            22.854,
                            43.851
                        ],
                        [
                            22.88,
                            43.833
                        ],
                        [
                            22.938,
                            43.821
                        ],
                        [
                            22.973,
                            43.807
                        ],
                        [
                            22.997,
                            43.807
                        ],
                        [
                            23.052,
                            43.795
                        ],
                        [
                            23.056,
                            43.795
                        ],
                        [
                            23.131,
                            43.803
                        ],
                        [
                            23.213,
                            43.834
                        ],
                        [
                            23.263,
                            43.847
                        ],
                        [
                            23.293,
                            43.848
                        ],
                        [
                            23.352,
                            43.849
                        ],
                        [
                            23.405,
                            43.853
                        ],
                        [
                            23.424,
                            43.854
                        ],
                        [
                            23.483,
                            43.837
                        ],
                        [
                            23.516,
                            43.835
                        ],
                        [
                            23.543,
                            43.817
                        ],
                        [
                            23.603,
                            43.793
                        ],
                        [
                            23.63,
                            43.79
                        ],
                        [
                            23.675,
                            43.802
                        ],
                        [
                            23.737,
                            43.805
                        ],
                        [
                            23.776,
                            43.781
                        ],
                        [
                            23.809,
                            43.775
                        ],
                        [
                            23.828,
                            43.768
                        ],
                        [
                            23.838,
                            43.763
                        ],
                        [
                            23.866,
                            43.755
                        ],
                        [
                            23.876,
                            43.752
                        ],
                        [
                            23.959,
                            43.745
                        ],
                        [
                            24.025,
                            43.728
                        ],
                        [
                            24.072,
                            43.712
                        ],
                        [
                            24.092,
                            43.701
                        ],
                        [
                            24.166,
                            43.684
                        ],
                        [
                            24.199,
                            43.682
                        ],
                        [
                            24.256,
                            43.692
                        ],
                        [
                            24.324,
                            43.698
                        ],
                        [
                            24.338,
                            43.696
                        ],
                        [
                            24.374,
                            43.71
                        ],
                        [
                            24.404,
                            43.735
                        ],
                        [
                            24.439,
                            43.743
                        ],
                        [
                            24.501,
                            43.762
                        ],
                        [
                            24.598,
                            43.749
                        ],
                        [
                            24.624,
                            43.743
                        ],
                        [
                            24.671,
                            43.714
                        ],
                        [
                            24.73,
                            43.686
                        ],
                        [
                            24.741,
                            43.685
                        ],
                        [
                            24.747,
                            43.685
                        ],
                        [
                            24.805,
                            43.71
                        ],
                        [
                            24.862,
                            43.706
                        ],
                        [
                            24.916,
                            43.715
                        ],
                        [
                            24.952,
                            43.729
                        ],
                        [
                            25.004,
                            43.724
                        ],
                        [
                            25.044,
                            43.697
                        ],
                        [
                            25.104,
                            43.684
                        ],
                        [
                            25.166,
                            43.698
                        ],
                        [
                            25.19,
                            43.698
                        ],
                        [
                            25.25,
                            43.684
                        ],
                        [
                            25.29,
                            43.655
                        ],
                        [
                            25.232,
                            43.651
                        ],
                        [
                            25.214,
                            43.636
                        ],
                        [
                            25.22,
                            43.615
                        ],
                        [
                            25.219,
                            43.615
                        ],
                        [
                            25.174,
                            43.601
                        ],
                        [
                            25.202,
                            43.588
                        ],
                        [
                            25.2,
                            43.562
                        ],
                        [
                            25.228,
                            43.538
                        ],
                        [
                            25.21,
                            43.524
                        ],
                        [
                            25.21,
                            43.501
                        ],
                        [
                            25.174,
                            43.472
                        ],
                        [
                            25.163,
                            43.46
                        ],
                        [
                            25.126,
                            43.452
                        ],
                        [
                            25.13,
                            43.438
                        ],
                        [
                            25.145,
                            43.427
                        ],
                        [
                            25.177,
                            43.436
                        ],
                        [
                            25.184,
                            43.437
                        ],
                        [
                            25.212,
                            43.428
                        ],
                        [
                            25.213,
                            43.412
                        ],
                        [
                            25.202,
                            43.391
                        ],
                        [
                            25.196,
                            43.382
                        ],
                        [
                            25.191,
                            43.372
                        ],
                        [
                            25.238,
                            43.372
                        ],
                        [
                            25.255,
                            43.345
                        ],
                        [
                            25.238,
                            43.341
                        ],
                        [
                            25.233,
                            43.334
                        ],
                        [
                            25.208,
                            43.311
                        ],
                        [
                            25.182,
                            43.304
                        ],
                        [
                            25.154,
                            43.277
                        ],
                        [
                            25.144,
                            43.267
                        ],
                        [
                            25.14,
                            43.267
                        ]
                    ]
                ]
            },
            "properties": {
                "geography_level_1": "northwestern",
                "is_multi": false,
                "is_clickable": 1
            }
        },
        {
            "type": "Feature",
            "geometry": {
                "type": "MultiPolygon",
                "coordinates": [
                    [
                        [
                            [
                                24.018,
                                41.467
                            ],
                            [
                                24.008,
                                41.457
                            ],
                            [
                                23.981,
                                41.44
                            ],
                            [
                                23.943,
                                41.45
                            ],
                            [
                                23.938,
                                41.463
                            ],
                            [
                                23.932,
                                41.471
                            ],
                            [
                                23.909,
                                41.479
                            ],
                            [
                                23.908,
                                41.46
                            ],
                            [
                                23.89,
                                41.45
                            ],
                            [
                                23.856,
                                41.45
                            ],
                            [
                                23.832,
                                41.437
                            ],
                            [
                                23.801,
                                41.438
                            ],
                            [
                                23.781,
                                41.413
                            ],
                            [
                                23.759,
                                41.403
                            ],
                            [
                                23.693,
                                41.404
                            ],
                            [
                                23.674,
                                41.411
                            ],
                            [
                                23.648,
                                41.394
                            ],
                            [
                                23.64,
                                41.376
                            ],
                            [
                                23.596,
                                41.381
                            ],
                            [
                                23.582,
                                41.39
                            ],
                            [
                                23.544,
                                41.392
                            ],
                            [
                                23.525,
                                41.405
                            ],
                            [
                                23.523,
                                41.405
                            ],
                            [
                                23.522,
                                41.405
                            ],
                            [
                                23.481,
                                41.399
                            ],
                            [
                                23.435,
                                41.406
                            ],
                            [
                                23.418,
                                41.399
                            ],
                            [
                                23.417,
                                41.399
                            ],
                            [
                                23.416,
                                41.4
                            ],
                            [
                                23.415,
                                41.4
                            ],
                            [
                                23.414,
                                41.401
                            ],
                            [
                                23.397,
                                41.395
                            ],
                            [
                                23.396,
                                41.395
                            ],
                            [
                                23.342,
                                41.364
                            ],
                            [
                                23.322,
                                41.4
                            ],
                            [
                                23.297,
                                41.401
                            ],
                            [
                                23.28,
                                41.398
                            ],
                            [
                                23.28,
                                41.397
                            ],
                            [
                                23.258,
                                41.383
                            ],
                            [
                                23.232,
                                41.376
                            ],
                            [
                                23.225,
                                41.337
                            ],
                            [
                                23.175,
                                41.321
                            ],
                            [
                                23.135,
                                41.32
                            ],
                            [
                                23.134,
                                41.321
                            ],
                            [
                                23.086,
                                41.319
                            ],
                            [
                                23.08,
                                41.32
                            ],
                            [
                                23.056,
                                41.326
                            ],
                            [
                                23.033,
                                41.333
                            ],
                            [
                                23.022,
                                41.331
                            ],
                            [
                                23.003,
                                41.331
                            ],
                            [
                                22.983,
                                41.336
                            ],
                            [
                                22.935,
                                41.34
                            ],
                            [
                                22.966,
                                41.353
                            ],
                            [
                                22.966,
                                41.393
                            ],
                            [
                                22.967,
                                41.393
                            ],
                            [
                                22.954,
                                41.419
                            ],
                            [
                                22.978,
                                41.442
                            ],
                            [
                                22.964,
                                41.465
                            ],
                            [
                                22.961,
                                41.492
                            ],
                            [
                                22.96,
                                41.499
                            ],
                            [
                                22.97,
                                41.519
                            ],
                            [
                                22.969,
                                41.52
                            ],
                            [
                                22.971,
                                41.546
                            ],
                            [
                                22.951,
                                41.606
                            ],
                            [
                                22.954,
                                41.617
                            ],
                            [
                                22.952,
                                41.642
                            ],
                            [
                                22.982,
                                41.647
                            ],
                            [
                                23.001,
                                41.678
                            ],
                            [
                                23.034,
                                41.709
                            ],
                            [
                                23.034,
                                41.711
                            ],
                            [
                                23.014,
                                41.759
                            ],
                            [
                                23.013,
                                41.76
                            ],
                            [
                                22.965,
                                41.782
                            ],
                            [
                                22.941,
                                41.816
                            ],
                            [
                                22.943,
                                41.83
                            ],
                            [
                                22.936,
                                41.844
                            ],
                            [
                                22.937,
                                41.847
                            ],
                            [
                                22.957,
                                41.846
                            ],
                            [
                                22.964,
                                41.843
                            ],
                            [
                                22.97,
                                41.846
                            ],
                            [
                                22.977,
                                41.845
                            ],
                            [
                                22.977,
                                41.846
                            ],
                            [
                                22.977,
                                41.847
                            ],
                            [
                                22.996,
                                41.86
                            ],
                            [
                                23.011,
                                41.862
                            ],
                            [
                                23.014,
                                41.866
                            ],
                            [
                                23.02,
                                41.883
                            ],
                            [
                                23.023,
                                41.895
                            ],
                            [
                                23.037,
                                41.909
                            ],
                            [
                                23.037,
                                41.91
                            ],
                            [
                                23.035,
                                41.932
                            ],
                            [
                                23.035,
                                41.951
                            ],
                            [
                                23.035,
                                41.952
                            ],
                            [
                                23.035,
                                41.953
                            ],
                            [
                                23.051,
                                41.961
                            ],
                            [
                                23.061,
                                41.963
                            ],
                            [
                                23.088,
                                41.961
                            ],
                            [
                                23.088,
                                41.962
                            ],
                            [
                                23.104,
                                41.956
                            ],
                            [
                                23.112,
                                41.937
                            ],
                            [
                                23.112,
                                41.936
                            ],
                            [
                                23.112,
                                41.934
                            ],
                            [
                                23.135,
                                41.938
                            ],
                            [
                                23.153,
                                41.956
                            ],
                            [
                                23.182,
                                41.962
                            ],
                            [
                                23.183,
                                41.962
                            ],
                            [
                                23.196,
                                41.966
                            ],
                            [
                                23.196,
                                41.967
                            ],
                            [
                                23.223,
                                41.993
                            ],
                            [
                                23.224,
                                41.993
                            ],
                            [
                                23.229,
                                41.996
                            ],
                            [
                                23.265,
                                42.018
                            ],
                            [
                                23.266,
                                42.018
                            ],
                            [
                                23.267,
                                42.018
                            ],
                            [
                                23.281,
                                42.013
                            ],
                            [
                                23.297,
                                41.995
                            ],
                            [
                                23.366,
                                41.977
                            ],
                            [
                                23.378,
                                42.001
                            ],
                            [
                                23.397,
                                42.001
                            ],
                            [
                                23.408,
                                42.009
                            ],
                            [
                                23.442,
                                42.04
                            ],
                            [
                                23.443,
                                42.061
                            ],
                            [
                                23.408,
                                42.053
                            ],
                            [
                                23.39,
                                42.061
                            ],
                            [
                                23.32,
                                42.067
                            ],
                            [
                                23.308,
                                42.08
                            ],
                            [
                                23.247,
                                42.09
                            ],
                            [
                                23.225,
                                42.092
                            ],
                            [
                                23.203,
                                42.095
                            ],
                            [
                                23.18,
                                42.091
                            ],
                            [
                                23.171,
                                42.082
                            ],
                            [
                                23.157,
                                42.078
                            ],
                            [
                                23.152,
                                42.077
                            ],
                            [
                                23.151,
                                42.077
                            ],
                            [
                                23.119,
                                42.06
                            ],
                            [
                                23.09,
                                42.056
                            ],
                            [
                                23.089,
                                42.056
                            ],
                            [
                                23.078,
                                42.049
                            ],
                            [
                                23.056,
                                42.042
                            ],
                            [
                                23.035,
                                42.047
                            ],
                            [
                                23.028,
                                42.062
                            ],
                            [
                                23.028,
                                42.067
                            ],
                            [
                                22.978,
                                42.066
                            ],
                            [
                                22.959,
                                42.083
                            ],
                            [
                                22.959,
                                42.087
                            ],
                            [
                                22.958,
                                42.09
                            ],
                            [
                                22.958,
                                42.091
                            ],
                            [
                                22.957,
                                42.093
                            ],
                            [
                                22.9,
                                42.065
                            ],
                            [
                                22.913,
                                42.05
                            ],
                            [
                                22.913,
                                42.049
                            ],
                            [
                                22.912,
                                42.048
                            ],
                            [
                                22.908,
                                42.047
                            ],
                            [
                                22.897,
                                42.031
                            ],
                            [
                                22.896,
                                42.031
                            ],
                            [
                                22.867,
                                42.022
                            ],
                            [
                                22.824,
                                42.022
                            ],
                            [
                                22.8,
                                42.045
                            ],
                            [
                                22.778,
                                42.037
                            ],
                            [
                                22.733,
                                42.048
                            ],
                            [
                                22.717,
                                42.068
                            ],
                            [
                                22.678,
                                42.064
                            ],
                            [
                                22.642,
                                42.086
                            ],
                            [
                                22.609,
                                42.106
                            ],
                            [
                                22.566,
                                42.117
                            ],
                            [
                                22.529,
                                42.139
                            ],
                            [
                                22.518,
                                42.158
                            ],
                            [
                                22.501,
                                42.196
                            ],
                            [
                                22.473,
                                42.201
                            ],
                            [
                                22.451,
                                42.241
                            ],
                            [
                                22.425,
                                42.258
                            ],
                            [
                                22.424,
                                42.264
                            ],
                            [
                                22.398,
                                42.293
                            ],
                            [
                                22.385,
                                42.303
                            ],
                            [
                                22.384,
                                42.303
                            ],
                            [
                                22.384,
                                42.304
                            ],
                            [
                                22.398,
                                42.326
                            ],
                            [
                                22.404,
                                42.332
                            ],
                            [
                                22.433,
                                42.323
                            ],
                            [
                                22.456,
                                42.334
                            ],
                            [
                                22.463,
                                42.345
                            ],
                            [
                                22.465,
                                42.368
                            ],
                            [
                                22.481,
                                42.38
                            ],
                            [
                                22.495,
                                42.396
                            ],
                            [
                                22.522,
                                42.406
                            ],
                            [
                                22.527,
                                42.417
                            ],
                            [
                                22.527,
                                42.418
                            ],
                            [
                                22.536,
                                42.429
                            ],
                            [
                                22.537,
                                42.434
                            ],
                            [
                                22.559,
                                42.485
                            ],
                            [
                                22.547,
                                42.508
                            ],
                            [
                                22.546,
                                42.508
                            ],
                            [
                                22.503,
                                42.534
                            ],
                            [
                                22.471,
                                42.562
                            ],
                            [
                                22.438,
                                42.572
                            ],
                            [
                                22.441,
                                42.586
                            ],
                            [
                                22.445,
                                42.591
                            ],
                            [
                                22.445,
                                42.592
                            ],
                            [
                                22.446,
                                42.592
                            ],
                            [
                                22.459,
                                42.626
                            ],
                            [
                                22.461,
                                42.648
                            ],
                            [
                                22.462,
                                42.649
                            ],
                            [
                                22.462,
                                42.651
                            ],
                            [
                                22.476,
                                42.676
                            ],
                            [
                                22.471,
                                42.694
                            ],
                            [
                                22.472,
                                42.695
                            ],
                            [
                                22.472,
                                42.698
                            ],
                            [
                                22.475,
                                42.708
                            ],
                            [
                                22.496,
                                42.722
                            ],
                            [
                                22.501,
                                42.739
                            ],
                            [
                                22.476,
                                42.765
                            ],
                            [
                                22.468,
                                42.772
                            ],
                            [
                                22.467,
                                42.772
                            ],
                            [
                                22.46,
                                42.779
                            ],
                            [
                                22.457,
                                42.791
                            ],
                            [
                                22.443,
                                42.825
                            ],
                            [
                                22.444,
                                42.825
                            ],
                            [
                                22.473,
                                42.831
                            ],
                            [
                                22.497,
                                42.847
                            ],
                            [
                                22.511,
                                42.854
                            ],
                            [
                                22.512,
                                42.855
                            ],
                            [
                                22.515,
                                42.869
                            ],
                            [
                                22.526,
                                42.876
                            ],
                            [
                                22.536,
                                42.882
                            ],
                            [
                                22.576,
                                42.863
                            ],
                            [
                                22.572,
                                42.872
                            ],
                            [
                                22.579,
                                42.882
                            ],
                            [
                                22.589,
                                42.891
                            ],
                            [
                                22.62,
                                42.896
                            ],
                            [
                                22.649,
                                42.881
                            ],
                            [
                                22.675,
                                42.867
                            ],
                            [
                                22.678,
                                42.866
                            ],
                            [
                                22.69,
                                42.876
                            ],
                            [
                                22.742,
                                42.886
                            ],
                            [
                                22.748,
                                42.89
                            ],
                            [
                                22.749,
                                42.89
                            ],
                            [
                                22.754,
                                42.885
                            ],
                            [
                                22.755,
                                42.884
                            ],
                            [
                                22.757,
                                42.884
                            ],
                            [
                                22.761,
                                42.882
                            ],
                            [
                                22.762,
                                42.882
                            ],
                            [
                                22.766,
                                42.881
                            ],
                            [
                                22.769,
                                42.883
                            ],
                            [
                                22.771,
                                42.882
                            ],
                            [
                                22.772,
                                42.876
                            ],
                            [
                                22.771,
                                42.874
                            ],
                            [
                                22.771,
                                42.872
                            ],
                            [
                                22.771,
                                42.871
                            ],
                            [
                                22.771,
                                42.859
                            ],
                            [
                                22.775,
                                42.855
                            ],
                            [
                                22.775,
                                42.854
                            ],
                            [
                                22.796,
                                42.847
                            ],
                            [
                                22.797,
                                42.847
                            ],
                            [
                                22.798,
                                42.846
                            ],
                            [
                                22.798,
                                42.847
                            ],
                            [
                                22.799,
                                42.847
                            ],
                            [
                                22.817,
                                42.835
                            ],
                            [
                                22.817,
                                42.837
                            ],
                            [
                                22.826,
                                42.844
                            ],
                            [
                                22.829,
                                42.85
                            ],
                            [
                                22.834,
                                42.852
                            ],
                            [
                                22.836,
                                42.852
                            ],
                            [
                                22.867,
                                42.855
                            ],
                            [
                                22.867,
                                42.852
                            ],
                            [
                                22.86,
                                42.843
                            ],
                            [
                                22.852,
                                42.837
                            ],
                            [
                                22.851,
                                42.836
                            ],
                            [
                                22.854,
                                42.816
                            ],
                            [
                                22.874,
                                42.813
                            ],
                            [
                                22.874,
                                42.814
                            ],
                            [
                                22.883,
                                42.827
                            ],
                            [
                                22.891,
                                42.823
                            ],
                            [
                                22.905,
                                42.825
                            ],
                            [
                                22.904,
                                42.822
                            ],
                            [
                                22.91,
                                42.814
                            ],
                            [
                                22.908,
                                42.808
                            ],
                            [
                                22.908,
                                42.806
                            ],
                            [
                                22.916,
                                42.798
                            ],
                            [
                                22.916,
                                42.796
                            ],
                            [
                                22.914,
                                42.792
                            ],
                            [
                                22.915,
                                42.789
                            ],
                            [
                                22.918,
                                42.79
                            ],
                            [
                                22.93,
                                42.784
                            ],
                            [
                                22.943,
                                42.774
                            ],
                            [
                                22.945,
                                42.772
                            ],
                            [
                                22.946,
                                42.772
                            ],
                            [
                                22.947,
                                42.771
                            ],
                            [
                                22.96,
                                42.778
                            ],
                            [
                                22.982,
                                42.775
                            ],
                            [
                                22.993,
                                42.765
                            ],
                            [
                                22.992,
                                42.764
                            ],
                            [
                                22.991,
                                42.764
                            ],
                            [
                                22.987,
                                42.759
                            ],
                            [
                                22.989,
                                42.756
                            ],
                            [
                                23.022,
                                42.755
                            ],
                            [
                                23.023,
                                42.755
                            ],
                            [
                                23.04,
                                42.754
                            ],
                            [
                                23.035,
                                42.75
                            ],
                            [
                                23.034,
                                42.75
                            ],
                            [
                                23.033,
                                42.744
                            ],
                            [
                                23.033,
                                42.743
                            ],
                            [
                                23.037,
                                42.717
                            ],
                            [
                                23.044,
                                42.716
                            ],
                            [
                                23.046,
                                42.717
                            ],
                            [
                                23.056,
                                42.713
                            ],
                            [
                                23.056,
                                42.711
                            ],
                            [
                                23.054,
                                42.699
                            ],
                            [
                                23.055,
                                42.699
                            ],
                            [
                                23.062,
                                42.698
                            ],
                            [
                                23.063,
                                42.698
                            ],
                            [
                                23.065,
                                42.698
                            ],
                            [
                                23.075,
                                42.694
                            ],
                            [
                                23.105,
                                42.694
                            ],
                            [
                                23.11,
                                42.675
                            ],
                            [
                                23.117,
                                42.67
                            ],
                            [
                                23.143,
                                42.667
                            ],
                            [
                                23.144,
                                42.667
                            ],
                            [
                                23.146,
                                42.665
                            ],
                            [
                                23.146,
                                42.664
                            ],
                            [
                                23.168,
                                42.658
                            ],
                            [
                                23.173,
                                42.649
                            ],
                            [
                                23.167,
                                42.634
                            ],
                            [
                                23.171,
                                42.618
                            ],
                            [
                                23.173,
                                42.616
                            ],
                            [
                                23.147,
                                42.598
                            ],
                            [
                                23.139,
                                42.592
                            ],
                            [
                                23.144,
                                42.587
                            ],
                            [
                                23.145,
                                42.587
                            ],
                            [
                                23.147,
                                42.587
                            ],
                            [
                                23.149,
                                42.588
                            ],
                            [
                                23.188,
                                42.591
                            ],
                            [
                                23.21,
                                42.585
                            ],
                            [
                                23.212,
                                42.586
                            ],
                            [
                                23.213,
                                42.586
                            ],
                            [
                                23.24,
                                42.571
                            ],
                            [
                                23.241,
                                42.571
                            ],
                            [
                                23.285,
                                42.562
                            ],
                            [
                                23.3,
                                42.545
                            ],
                            [
                                23.3,
                                42.544
                            ],
                            [
                                23.292,
                                42.533
                            ],
                            [
                                23.29,
                                42.533
                            ],
                            [
                                23.234,
                                42.491
                            ],
                            [
                                23.221,
                                42.466
                            ],
                            [
                                23.222,
                                42.458
                            ],
                            [
                                23.219,
                                42.445
                            ],
                            [
                                23.223,
                                42.439
                            ],
                            [
                                23.222,
                                42.437
                            ],
                            [
                                23.22,
                                42.429
                            ],
                            [
                                23.222,
                                42.428
                            ],
                            [
                                23.224,
                                42.428
                            ],
                            [
                                23.225,
                                42.428
                            ],
                            [
                                23.226,
                                42.427
                            ],
                            [
                                23.225,
                                42.42
                            ],
                            [
                                23.235,
                                42.397
                            ],
                            [
                                23.234,
                                42.397
                            ],
                            [
                                23.229,
                                42.393
                            ],
                            [
                                23.225,
                                42.377
                            ],
                            [
                                23.255,
                                42.376
                            ],
                            [
                                23.261,
                                42.359
                            ],
                            [
                                23.262,
                                42.36
                            ],
                            [
                                23.288,
                                42.373
                            ],
                            [
                                23.288,
                                42.374
                            ],
                            [
                                23.289,
                                42.373
                            ],
                            [
                                23.309,
                                42.359
                            ],
                            [
                                23.309,
                                42.358
                            ],
                            [
                                23.313,
                                42.358
                            ],
                            [
                                23.321,
                                42.335
                            ],
                            [
                                23.313,
                                42.324
                            ],
                            [
                                23.339,
                                42.304
                            ],
                            [
                                23.386,
                                42.283
                            ],
                            [
                                23.386,
                                42.282
                            ],
                            [
                                23.385,
                                42.281
                            ],
                            [
                                23.383,
                                42.272
                            ],
                            [
                                23.388,
                                42.251
                            ],
                            [
                                23.354,
                                42.244
                            ],
                            [
                                23.317,
                                42.192
                            ],
                            [
                                23.32,
                                42.175
                            ],
                            [
                                23.334,
                                42.167
                            ],
                            [
                                23.402,
                                42.176
                            ],
                            [
                                23.445,
                                42.186
                            ],
                            [
                                23.452,
                                42.174
                            ],
                            [
                                23.452,
                                42.173
                            ],
                            [
                                23.457,
                                42.151
                            ],
                            [
                                23.515,
                                42.142
                            ],
                            [
                                23.529,
                                42.127
                            ],
                            [
                                23.496,
                                42.099
                            ],
                            [
                                23.496,
                                42.098
                            ],
                            [
                                23.496,
                                42.097
                            ],
                            [
                                23.5,
                                42.097
                            ],
                            [
                                23.572,
                                42.086
                            ],
                            [
                                23.579,
                                42.108
                            ],
                            [
                                23.593,
                                42.151
                            ],
                            [
                                23.634,
                                42.156
                            ],
                            [
                                23.654,
                                42.175
                            ],
                            [
                                23.683,
                                42.17
                            ],
                            [
                                23.701,
                                42.155
                            ],
                            [
                                23.73,
                                42.166
                            ],
                            [
                                23.744,
                                42.184
                            ],
                            [
                                23.772,
                                42.181
                            ],
                            [
                                23.761,
                                42.157
                            ],
                            [
                                23.813,
                                42.126
                            ],
                            [
                                23.794,
                                42.122
                            ],
                            [
                                23.798,
                                42.099
                            ],
                            [
                                23.801,
                                42.085
                            ],
                            [
                                23.793,
                                42.08
                            ],
                            [
                                23.796,
                                42.054
                            ],
                            [
                                23.801,
                                42.05
                            ],
                            [
                                23.802,
                                42.05
                            ],
                            [
                                23.811,
                                42.047
                            ],
                            [
                                23.812,
                                42.047
                            ],
                            [
                                23.824,
                                42.04
                            ],
                            [
                                23.825,
                                42.034
                            ],
                            [
                                23.807,
                                42.027
                            ],
                            [
                                23.807,
                                42.026
                            ],
                            [
                                23.792,
                                42.017
                            ],
                            [
                                23.784,
                                42.011
                            ],
                            [
                                23.782,
                                42.005
                            ],
                            [
                                23.765,
                                41.997
                            ],
                            [
                                23.764,
                                41.996
                            ],
                            [
                                23.76,
                                41.977
                            ],
                            [
                                23.76,
                                41.976
                            ],
                            [
                                23.769,
                                41.962
                            ],
                            [
                                23.767,
                                41.954
                            ],
                            [
                                23.766,
                                41.954
                            ],
                            [
                                23.755,
                                41.929
                            ],
                            [
                                23.789,
                                41.892
                            ],
                            [
                                23.789,
                                41.891
                            ],
                            [
                                23.788,
                                41.888
                            ],
                            [
                                23.78,
                                41.875
                            ],
                            [
                                23.791,
                                41.845
                            ],
                            [
                                23.791,
                                41.843
                            ],
                            [
                                23.786,
                                41.834
                            ],
                            [
                                23.833,
                                41.815
                            ],
                            [
                                23.834,
                                41.815
                            ],
                            [
                                23.85,
                                41.81
                            ],
                            [
                                23.85,
                                41.809
                            ],
                            [
                                23.862,
                                41.794
                            ],
                            [
                                23.863,
                                41.794
                            ],
                            [
                                23.905,
                                41.788
                            ],
                            [
                                23.919,
                                41.779
                            ],
                            [
                                23.926,
                                41.768
                            ],
                            [
                                23.985,
                                41.738
                            ],
                            [
                                24.003,
                                41.72
                            ],
                            [
                                24.01,
                                41.723
                            ],
                            [
                                24.018,
                                41.706
                            ],
                            [
                                24.049,
                                41.698
                            ],
                            [
                                24.057,
                                41.682
                            ],
                            [
                                24.058,
                                41.682
                            ],
                            [
                                24.074,
                                41.673
                            ],
                            [
                                24.075,
                                41.673
                            ],
                            [
                                24.11,
                                41.652
                            ],
                            [
                                24.085,
                                41.615
                            ],
                            [
                                24.103,
                                41.586
                            ],
                            [
                                24.1,
                                41.586
                            ],
                            [
                                24.097,
                                41.587
                            ],
                            [
                                24.084,
                                41.582
                            ],
                            [
                                24.084,
                                41.579
                            ],
                            [
                                24.077,
                                41.576
                            ],
                            [
                                24.071,
                                41.555
                            ],
                            [
                                24.057,
                                41.529
                            ],
                            [
                                24.06,
                                41.522
                            ],
                            [
                                24.063,
                                41.508
                            ],
                            [
                                24.06,
                                41.486
                            ],
                            [
                                24.071,
                                41.478
                            ],
                            [
                                24.048,
                                41.451
                            ],
                            [
                                24.02,
                                41.467
                            ],
                            [
                                24.018,
                                41.467
                            ]
                        ]
                    ],
                    [
                        [
                            [
                                23.204,
                                43.113
                            ],
                            [
                                23.223,
                                43.114
                            ],
                            [
                                23.224,
                                43.114
                            ],
                            [
                                23.236,
                                43.114
                            ],
                            [
                                23.236,
                                43.113
                            ],
                            [
                                23.247,
                                43.112
                            ],
                            [
                                23.254,
                                43.13
                            ],
                            [
                                23.29,
                                43.121
                            ],
                            [
                                23.291,
                                43.121
                            ],
                            [
                                23.318,
                                43.138
                            ],
                            [
                                23.322,
                                43.159
                            ],
                            [
                                23.385,
                                43.155
                            ],
                            [
                                23.386,
                                43.156
                            ],
                            [
                                23.412,
                                43.161
                            ],
                            [
                                23.413,
                                43.161
                            ],
                            [
                                23.414,
                                43.161
                            ],
                            [
                                23.425,
                                43.153
                            ],
                            [
                                23.464,
                                43.153
                            ],
                            [
                                23.475,
                                43.154
                            ],
                            [
                                23.486,
                                43.135
                            ],
                            [
                                23.479,
                                43.131
                            ],
                            [
                                23.456,
                                43.112
                            ],
                            [
                                23.457,
                                43.112
                            ],
                            [
                                23.455,
                                43.103
                            ],
                            [
                                23.452,
                                43.097
                            ],
                            [
                                23.456,
                                43.093
                            ],
                            [
                                23.473,
                                43.073
                            ],
                            [
                                23.475,
                                43.072
                            ],
                            [
                                23.491,
                                43.074
                            ],
                            [
                                23.492,
                                43.074
                            ],
                            [
                                23.502,
                                43.048
                            ],
                            [
                                23.515,
                                43.044
                            ],
                            [
                                23.522,
                                43.031
                            ],
                            [
                                23.522,
                                43.024
                            ],
                            [
                                23.521,
                                43.023
                            ],
                            [
                                23.539,
                                43.011
                            ],
                            [
                                23.54,
                                43.009
                            ],
                            [
                                23.542,
                                43.008
                            ],
                            [
                                23.541,
                                43.008
                            ],
                            [
                                23.549,
                                43.005
                            ],
                            [
                                23.552,
                                43.005
                            ],
                            [
                                23.553,
                                43.005
                            ],
                            [
                                23.567,
                                42.994
                            ],
                            [
                                23.571,
                                42.999
                            ],
                            [
                                23.592,
                                43.035
                            ],
                            [
                                23.593,
                                43.035
                            ],
                            [
                                23.624,
                                43.055
                            ],
                            [
                                23.627,
                                43.058
                            ],
                            [
                                23.636,
                                43.059
                            ],
                            [
                                23.647,
                                43.045
                            ],
                            [
                                23.681,
                                43.033
                            ],
                            [
                                23.682,
                                43.033
                            ],
                            [
                                23.698,
                                43.026
                            ],
                            [
                                23.7,
                                43.027
                            ],
                            [
                                23.716,
                                43.037
                            ],
                            [
                                23.717,
                                43.037
                            ],
                            [
                                23.729,
                                43.048
                            ],
                            [
                                23.732,
                                43.05
                            ],
                            [
                                23.733,
                                43.05
                            ],
                            [
                                23.757,
                                43.071
                            ],
                            [
                                23.789,
                                43.068
                            ],
                            [
                                23.803,
                                43.067
                            ],
                            [
                                23.81,
                                43.052
                            ],
                            [
                                23.81,
                                43.051
                            ],
                            [
                                23.828,
                                43.053
                            ],
                            [
                                23.832,
                                43.052
                            ],
                            [
                                23.832,
                                43.051
                            ],
                            [
                                23.839,
                                43.05
                            ],
                            [
                                23.85,
                                43.048
                            ],
                            [
                                23.851,
                                43.048
                            ],
                            [
                                23.878,
                                43.055
                            ],
                            [
                                23.925,
                                43.041
                            ],
                            [
                                23.926,
                                43.033
                            ],
                            [
                                23.946,
                                43.026
                            ],
                            [
                                23.951,
                                43.028
                            ],
                            [
                                23.963,
                                43.032
                            ],
                            [
                                23.963,
                                43.05
                            ],
                            [
                                23.963,
                                43.051
                            ],
                            [
                                23.964,
                                43.052
                            ],
                            [
                                23.963,
                                43.052
                            ],
                            [
                                23.967,
                                43.058
                            ],
                            [
                                23.971,
                                43.062
                            ],
                            [
                                23.972,
                                43.062
                            ],
                            [
                                24.012,
                                43.06
                            ],
                            [
                                24.013,
                                43.06
                            ],
                            [
                                24.035,
                                43.062
                            ],
                            [
                                24.036,
                                43.062
                            ],
                            [
                                24.044,
                                43.06
                            ],
                            [
                                24.045,
                                43.051
                            ],
                            [
                                24.045,
                                43.05
                            ],
                            [
                                24.042,
                                43.031
                            ],
                            [
                                24.042,
                                43.03
                            ],
                            [
                                24.047,
                                43.025
                            ],
                            [
                                24.048,
                                43.025
                            ],
                            [
                                24.068,
                                42.994
                            ],
                            [
                                24.077,
                                42.984
                            ],
                            [
                                24.065,
                                42.981
                            ],
                            [
                                24.072,
                                42.959
                            ],
                            [
                                24.086,
                                42.953
                            ],
                            [
                                24.086,
                                42.952
                            ],
                            [
                                24.09,
                                42.942
                            ],
                            [
                                24.089,
                                42.942
                            ],
                            [
                                24.133,
                                42.931
                            ],
                            [
                                24.155,
                                42.935
                            ],
                            [
                                24.173,
                                42.908
                            ],
                            [
                                24.172,
                                42.908
                            ],
                            [
                                24.173,
                                42.901
                            ],
                            [
                                24.177,
                                42.9
                            ],
                            [
                                24.171,
                                42.888
                            ],
                            [
                                24.171,
                                42.869
                            ],
                            [
                                24.171,
                                42.865
                            ],
                            [
                                24.174,
                                42.847
                            ],
                            [
                                24.175,
                                42.847
                            ],
                            [
                                24.175,
                                42.846
                            ],
                            [
                                24.192,
                                42.834
                            ],
                            [
                                24.168,
                                42.819
                            ],
                            [
                                24.167,
                                42.819
                            ],
                            [
                                24.178,
                                42.814
                            ],
                            [
                                24.2,
                                42.82
                            ],
                            [
                                24.15,
                                42.788
                            ],
                            [
                                24.128,
                                42.783
                            ],
                            [
                                24.128,
                                42.775
                            ],
                            [
                                24.18,
                                42.767
                            ],
                            [
                                24.18,
                                42.766
                            ],
                            [
                                24.203,
                                42.763
                            ],
                            [
                                24.229,
                                42.767
                            ],
                            [
                                24.245,
                                42.775
                            ],
                            [
                                24.286,
                                42.773
                            ],
                            [
                                24.334,
                                42.75
                            ],
                            [
                                24.386,
                                42.75
                            ],
                            [
                                24.386,
                                42.729
                            ],
                            [
                                24.37,
                                42.706
                            ],
                            [
                                24.37,
                                42.705
                            ],
                            [
                                24.363,
                                42.694
                            ],
                            [
                                24.367,
                                42.671
                            ],
                            [
                                24.39,
                                42.657
                            ],
                            [
                                24.394,
                                42.652
                            ],
                            [
                                24.425,
                                42.645
                            ],
                            [
                                24.483,
                                42.6
                            ],
                            [
                                24.479,
                                42.589
                            ],
                            [
                                24.451,
                                42.554
                            ],
                            [
                                24.45,
                                42.554
                            ],
                            [
                                24.43,
                                42.56
                            ],
                            [
                                24.421,
                                42.553
                            ],
                            [
                                24.412,
                                42.565
                            ],
                            [
                                24.406,
                                42.565
                            ],
                            [
                                24.379,
                                42.567
                            ],
                            [
                                24.355,
                                42.551
                            ],
                            [
                                24.349,
                                42.567
                            ],
                            [
                                24.348,
                                42.567
                            ],
                            [
                                24.316,
                                42.583
                            ],
                            [
                                24.315,
                                42.583
                            ],
                            [
                                24.294,
                                42.612
                            ],
                            [
                                24.282,
                                42.623
                            ],
                            [
                                24.249,
                                42.624
                            ],
                            [
                                24.205,
                                42.622
                            ],
                            [
                                24.197,
                                42.619
                            ],
                            [
                                24.154,
                                42.615
                            ],
                            [
                                24.152,
                                42.606
                            ],
                            [
                                24.143,
                                42.605
                            ],
                            [
                                24.124,
                                42.575
                            ],
                            [
                                24.086,
                                42.572
                            ],
                            [
                                24.072,
                                42.561
                            ],
                            [
                                24.03,
                                42.546
                            ],
                            [
                                23.985,
                                42.57
                            ],
                            [
                                23.969,
                                42.571
                            ],
                            [
                                23.968,
                                42.571
                            ],
                            [
                                23.967,
                                42.572
                            ],
                            [
                                23.917,
                                42.561
                            ],
                            [
                                23.891,
                                42.546
                            ],
                            [
                                23.914,
                                42.522
                            ],
                            [
                                23.91,
                                42.504
                            ],
                            [
                                23.957,
                                42.477
                            ],
                            [
                                23.954,
                                42.464
                            ],
                            [
                                23.97,
                                42.463
                            ],
                            [
                                23.98,
                                42.463
                            ],
                            [
                                23.981,
                                42.459
                            ],
                            [
                                24,
                                42.458
                            ],
                            [
                                24.026,
                                42.461
                            ],
                            [
                                24.039,
                                42.467
                            ],
                            [
                                24.043,
                                42.465
                            ],
                            [
                                24.044,
                                42.465
                            ],
                            [
                                24.048,
                                42.464
                            ],
                            [
                                24.066,
                                42.45
                            ],
                            [
                                24.046,
                                42.427
                            ],
                            [
                                24.03,
                                42.393
                            ],
                            [
                                24.03,
                                42.392
                            ],
                            [
                                24.025,
                                42.391
                            ],
                            [
                                24.014,
                                42.39
                            ],
                            [
                                23.973,
                                42.388
                            ],
                            [
                                23.964,
                                42.386
                            ],
                            [
                                23.959,
                                42.383
                            ],
                            [
                                23.962,
                                42.373
                            ],
                            [
                                23.941,
                                42.33
                            ],
                            [
                                23.941,
                                42.329
                            ],
                            [
                                23.946,
                                42.325
                            ],
                            [
                                23.947,
                                42.325
                            ],
                            [
                                23.983,
                                42.304
                            ],
                            [
                                23.984,
                                42.304
                            ],
                            [
                                23.984,
                                42.288
                            ],
                            [
                                23.963,
                                42.266
                            ],
                            [
                                23.962,
                                42.266
                            ],
                            [
                                23.961,
                                42.266
                            ],
                            [
                                23.96,
                                42.266
                            ],
                            [
                                23.935,
                                42.272
                            ],
                            [
                                23.934,
                                42.272
                            ],
                            [
                                23.925,
                                42.286
                            ],
                            [
                                23.918,
                                42.295
                            ],
                            [
                                23.888,
                                42.286
                            ],
                            [
                                23.888,
                                42.284
                            ],
                            [
                                23.891,
                                42.28
                            ],
                            [
                                23.892,
                                42.28
                            ],
                            [
                                23.894,
                                42.275
                            ],
                            [
                                23.885,
                                42.262
                            ],
                            [
                                23.877,
                                42.249
                            ],
                            [
                                23.841,
                                42.21
                            ],
                            [
                                23.804,
                                42.205
                            ],
                            [
                                23.772,
                                42.181
                            ],
                            [
                                23.744,
                                42.184
                            ],
                            [
                                23.73,
                                42.166
                            ],
                            [
                                23.701,
                                42.155
                            ],
                            [
                                23.683,
                                42.17
                            ],
                            [
                                23.654,
                                42.175
                            ],
                            [
                                23.634,
                                42.156
                            ],
                            [
                                23.593,
                                42.151
                            ],
                            [
                                23.579,
                                42.108
                            ],
                            [
                                23.572,
                                42.086
                            ],
                            [
                                23.5,
                                42.097
                            ],
                            [
                                23.496,
                                42.097
                            ],
                            [
                                23.496,
                                42.098
                            ],
                            [
                                23.496,
                                42.099
                            ],
                            [
                                23.529,
                                42.127
                            ],
                            [
                                23.515,
                                42.142
                            ],
                            [
                                23.457,
                                42.151
                            ],
                            [
                                23.452,
                                42.173
                            ],
                            [
                                23.452,
                                42.174
                            ],
                            [
                                23.445,
                                42.186
                            ],
                            [
                                23.402,
                                42.176
                            ],
                            [
                                23.334,
                                42.167
                            ],
                            [
                                23.32,
                                42.175
                            ],
                            [
                                23.317,
                                42.192
                            ],
                            [
                                23.354,
                                42.244
                            ],
                            [
                                23.388,
                                42.251
                            ],
                            [
                                23.383,
                                42.272
                            ],
                            [
                                23.385,
                                42.281
                            ],
                            [
                                23.386,
                                42.282
                            ],
                            [
                                23.386,
                                42.283
                            ],
                            [
                                23.339,
                                42.304
                            ],
                            [
                                23.313,
                                42.324
                            ],
                            [
                                23.321,
                                42.335
                            ],
                            [
                                23.313,
                                42.358
                            ],
                            [
                                23.309,
                                42.358
                            ],
                            [
                                23.309,
                                42.359
                            ],
                            [
                                23.289,
                                42.373
                            ],
                            [
                                23.288,
                                42.374
                            ],
                            [
                                23.288,
                                42.373
                            ],
                            [
                                23.262,
                                42.36
                            ],
                            [
                                23.261,
                                42.359
                            ],
                            [
                                23.255,
                                42.376
                            ],
                            [
                                23.225,
                                42.377
                            ],
                            [
                                23.229,
                                42.393
                            ],
                            [
                                23.234,
                                42.397
                            ],
                            [
                                23.235,
                                42.397
                            ],
                            [
                                23.225,
                                42.42
                            ],
                            [
                                23.226,
                                42.427
                            ],
                            [
                                23.225,
                                42.428
                            ],
                            [
                                23.224,
                                42.428
                            ],
                            [
                                23.222,
                                42.428
                            ],
                            [
                                23.22,
                                42.429
                            ],
                            [
                                23.222,
                                42.437
                            ],
                            [
                                23.223,
                                42.439
                            ],
                            [
                                23.219,
                                42.445
                            ],
                            [
                                23.222,
                                42.458
                            ],
                            [
                                23.221,
                                42.466
                            ],
                            [
                                23.234,
                                42.491
                            ],
                            [
                                23.29,
                                42.533
                            ],
                            [
                                23.292,
                                42.533
                            ],
                            [
                                23.33,
                                42.509
                            ],
                            [
                                23.331,
                                42.508
                            ],
                            [
                                23.381,
                                42.49
                            ],
                            [
                                23.382,
                                42.489
                            ],
                            [
                                23.391,
                                42.482
                            ],
                            [
                                23.391,
                                42.481
                            ],
                            [
                                23.407,
                                42.472
                            ],
                            [
                                23.409,
                                42.47
                            ],
                            [
                                23.413,
                                42.464
                            ],
                            [
                                23.414,
                                42.464
                            ],
                            [
                                23.425,
                                42.473
                            ],
                            [
                                23.448,
                                42.482
                            ],
                            [
                                23.447,
                                42.483
                            ],
                            [
                                23.444,
                                42.488
                            ],
                            [
                                23.44,
                                42.495
                            ],
                            [
                                23.44,
                                42.496
                            ],
                            [
                                23.441,
                                42.496
                            ],
                            [
                                23.425,
                                42.511
                            ],
                            [
                                23.448,
                                42.525
                            ],
                            [
                                23.509,
                                42.512
                            ],
                            [
                                23.51,
                                42.507
                            ],
                            [
                                23.518,
                                42.494
                            ],
                            [
                                23.519,
                                42.492
                            ],
                            [
                                23.523,
                                42.49
                            ],
                            [
                                23.537,
                                42.479
                            ],
                            [
                                23.536,
                                42.474
                            ],
                            [
                                23.538,
                                42.472
                            ],
                            [
                                23.533,
                                42.439
                            ],
                            [
                                23.537,
                                42.423
                            ],
                            [
                                23.538,
                                42.423
                            ],
                            [
                                23.544,
                                42.414
                            ],
                            [
                                23.545,
                                42.414
                            ],
                            [
                                23.559,
                                42.42
                            ],
                            [
                                23.614,
                                42.413
                            ],
                            [
                                23.632,
                                42.416
                            ],
                            [
                                23.652,
                                42.421
                            ],
                            [
                                23.653,
                                42.421
                            ],
                            [
                                23.662,
                                42.422
                            ],
                            [
                                23.66,
                                42.456
                            ],
                            [
                                23.625,
                                42.503
                            ],
                            [
                                23.592,
                                42.503
                            ],
                            [
                                23.561,
                                42.531
                            ],
                            [
                                23.552,
                                42.55
                            ],
                            [
                                23.552,
                                42.551
                            ],
                            [
                                23.566,
                                42.567
                            ],
                            [
                                23.555,
                                42.587
                            ],
                            [
                                23.559,
                                42.616
                            ],
                            [
                                23.543,
                                42.623
                            ],
                            [
                                23.543,
                                42.624
                            ],
                            [
                                23.537,
                                42.624
                            ],
                            [
                                23.534,
                                42.637
                            ],
                            [
                                23.496,
                                42.65
                            ],
                            [
                                23.494,
                                42.67
                            ],
                            [
                                23.497,
                                42.675
                            ],
                            [
                                23.52,
                                42.684
                            ],
                            [
                                23.543,
                                42.681
                            ],
                            [
                                23.548,
                                42.704
                            ],
                            [
                                23.58,
                                42.708
                            ],
                            [
                                23.58,
                                42.71
                            ],
                            [
                                23.594,
                                42.71
                            ],
                            [
                                23.6,
                                42.716
                            ],
                            [
                                23.62,
                                42.76
                            ],
                            [
                                23.646,
                                42.776
                            ],
                            [
                                23.648,
                                42.803
                            ],
                            [
                                23.679,
                                42.834
                            ],
                            [
                                23.679,
                                42.835
                            ],
                            [
                                23.678,
                                42.835
                            ],
                            [
                                23.677,
                                42.844
                            ],
                            [
                                23.666,
                                42.84
                            ],
                            [
                                23.636,
                                42.839
                            ],
                            [
                                23.622,
                                42.856
                            ],
                            [
                                23.621,
                                42.856
                            ],
                            [
                                23.61,
                                42.861
                            ],
                            [
                                23.568,
                                42.835
                            ],
                            [
                                23.567,
                                42.834
                            ],
                            [
                                23.566,
                                42.831
                            ],
                            [
                                23.537,
                                42.838
                            ],
                            [
                                23.536,
                                42.838
                            ],
                            [
                                23.534,
                                42.84
                            ],
                            [
                                23.534,
                                42.842
                            ],
                            [
                                23.525,
                                42.852
                            ],
                            [
                                23.525,
                                42.853
                            ],
                            [
                                23.523,
                                42.856
                            ],
                            [
                                23.497,
                                42.859
                            ],
                            [
                                23.496,
                                42.859
                            ],
                            [
                                23.482,
                                42.87
                            ],
                            [
                                23.48,
                                42.873
                            ],
                            [
                                23.466,
                                42.867
                            ],
                            [
                                23.465,
                                42.863
                            ],
                            [
                                23.45,
                                42.871
                            ],
                            [
                                23.45,
                                42.872
                            ],
                            [
                                23.441,
                                42.869
                            ],
                            [
                                23.435,
                                42.862
                            ],
                            [
                                23.435,
                                42.861
                            ],
                            [
                                23.422,
                                42.858
                            ],
                            [
                                23.421,
                                42.858
                            ],
                            [
                                23.414,
                                42.856
                            ],
                            [
                                23.412,
                                42.853
                            ],
                            [
                                23.367,
                                42.852
                            ],
                            [
                                23.364,
                                42.852
                            ],
                            [
                                23.363,
                                42.852
                            ],
                            [
                                23.338,
                                42.865
                            ],
                            [
                                23.337,
                                42.867
                            ],
                            [
                                23.33,
                                42.872
                            ],
                            [
                                23.307,
                                42.882
                            ],
                            [
                                23.306,
                                42.882
                            ],
                            [
                                23.294,
                                42.89
                            ],
                            [
                                23.293,
                                42.89
                            ],
                            [
                                23.274,
                                42.895
                            ],
                            [
                                23.248,
                                42.867
                            ],
                            [
                                23.247,
                                42.867
                            ],
                            [
                                23.247,
                                42.866
                            ],
                            [
                                23.25,
                                42.853
                            ],
                            [
                                23.254,
                                42.835
                            ],
                            [
                                23.247,
                                42.822
                            ],
                            [
                                23.242,
                                42.818
                            ],
                            [
                                23.251,
                                42.798
                            ],
                            [
                                23.251,
                                42.797
                            ],
                            [
                                23.222,
                                42.786
                            ],
                            [
                                23.21,
                                42.784
                            ],
                            [
                                23.203,
                                42.776
                            ],
                            [
                                23.201,
                                42.771
                            ],
                            [
                                23.207,
                                42.767
                            ],
                            [
                                23.212,
                                42.745
                            ],
                            [
                                23.197,
                                42.728
                            ],
                            [
                                23.158,
                                42.726
                            ],
                            [
                                23.146,
                                42.737
                            ],
                            [
                                23.145,
                                42.737
                            ],
                            [
                                23.13,
                                42.738
                            ],
                            [
                                23.098,
                                42.737
                            ],
                            [
                                23.09,
                                42.735
                            ],
                            [
                                23.089,
                                42.736
                            ],
                            [
                                23.089,
                                42.737
                            ],
                            [
                                23.077,
                                42.734
                            ],
                            [
                                23.072,
                                42.725
                            ],
                            [
                                23.071,
                                42.725
                            ],
                            [
                                23.056,
                                42.713
                            ],
                            [
                                23.046,
                                42.717
                            ],
                            [
                                23.044,
                                42.716
                            ],
                            [
                                23.037,
                                42.717
                            ],
                            [
                                23.033,
                                42.743
                            ],
                            [
                                23.033,
                                42.744
                            ],
                            [
                                23.034,
                                42.75
                            ],
                            [
                                23.035,
                                42.75
                            ],
                            [
                                23.04,
                                42.754
                            ],
                            [
                                23.023,
                                42.755
                            ],
                            [
                                23.022,
                                42.755
                            ],
                            [
                                22.989,
                                42.756
                            ],
                            [
                                22.987,
                                42.759
                            ],
                            [
                                22.991,
                                42.764
                            ],
                            [
                                22.992,
                                42.764
                            ],
                            [
                                22.993,
                                42.765
                            ],
                            [
                                22.982,
                                42.775
                            ],
                            [
                                22.96,
                                42.778
                            ],
                            [
                                22.947,
                                42.771
                            ],
                            [
                                22.946,
                                42.772
                            ],
                            [
                                22.945,
                                42.772
                            ],
                            [
                                22.943,
                                42.774
                            ],
                            [
                                22.93,
                                42.784
                            ],
                            [
                                22.918,
                                42.79
                            ],
                            [
                                22.915,
                                42.789
                            ],
                            [
                                22.914,
                                42.792
                            ],
                            [
                                22.916,
                                42.796
                            ],
                            [
                                22.916,
                                42.798
                            ],
                            [
                                22.908,
                                42.806
                            ],
                            [
                                22.908,
                                42.808
                            ],
                            [
                                22.91,
                                42.814
                            ],
                            [
                                22.904,
                                42.822
                            ],
                            [
                                22.905,
                                42.825
                            ],
                            [
                                22.891,
                                42.823
                            ],
                            [
                                22.883,
                                42.827
                            ],
                            [
                                22.874,
                                42.814
                            ],
                            [
                                22.874,
                                42.813
                            ],
                            [
                                22.854,
                                42.816
                            ],
                            [
                                22.851,
                                42.836
                            ],
                            [
                                22.852,
                                42.837
                            ],
                            [
                                22.86,
                                42.843
                            ],
                            [
                                22.867,
                                42.852
                            ],
                            [
                                22.867,
                                42.855
                            ],
                            [
                                22.836,
                                42.852
                            ],
                            [
                                22.834,
                                42.852
                            ],
                            [
                                22.829,
                                42.85
                            ],
                            [
                                22.826,
                                42.844
                            ],
                            [
                                22.817,
                                42.837
                            ],
                            [
                                22.817,
                                42.835
                            ],
                            [
                                22.799,
                                42.847
                            ],
                            [
                                22.798,
                                42.847
                            ],
                            [
                                22.798,
                                42.846
                            ],
                            [
                                22.797,
                                42.847
                            ],
                            [
                                22.796,
                                42.847
                            ],
                            [
                                22.775,
                                42.854
                            ],
                            [
                                22.775,
                                42.855
                            ],
                            [
                                22.771,
                                42.859
                            ],
                            [
                                22.771,
                                42.871
                            ],
                            [
                                22.771,
                                42.872
                            ],
                            [
                                22.771,
                                42.874
                            ],
                            [
                                22.772,
                                42.876
                            ],
                            [
                                22.771,
                                42.882
                            ],
                            [
                                22.769,
                                42.883
                            ],
                            [
                                22.766,
                                42.881
                            ],
                            [
                                22.762,
                                42.882
                            ],
                            [
                                22.761,
                                42.882
                            ],
                            [
                                22.757,
                                42.884
                            ],
                            [
                                22.755,
                                42.884
                            ],
                            [
                                22.754,
                                42.885
                            ],
                            [
                                22.749,
                                42.89
                            ],
                            [
                                22.754,
                                42.896
                            ],
                            [
                                22.758,
                                42.901
                            ],
                            [
                                22.76,
                                42.911
                            ],
                            [
                                22.761,
                                42.911
                            ],
                            [
                                22.779,
                                42.929
                            ],
                            [
                                22.773,
                                42.936
                            ],
                            [
                                22.771,
                                42.949
                            ],
                            [
                                22.775,
                                42.949
                            ],
                            [
                                22.775,
                                42.95
                            ],
                            [
                                22.781,
                                42.951
                            ],
                            [
                                22.785,
                                42.958
                            ],
                            [
                                22.785,
                                42.959
                            ],
                            [
                                22.784,
                                42.966
                            ],
                            [
                                22.785,
                                42.966
                            ],
                            [
                                22.785,
                                42.977
                            ],
                            [
                                22.801,
                                42.987
                            ],
                            [
                                22.849,
                                43.005
                            ],
                            [
                                22.85,
                                43.005
                            ],
                            [
                                22.851,
                                43.006
                            ],
                            [
                                22.88,
                                43.028
                            ],
                            [
                                22.88,
                                43.029
                            ],
                            [
                                22.897,
                                43.036
                            ],
                            [
                                22.918,
                                43.08
                            ],
                            [
                                22.919,
                                43.08
                            ],
                            [
                                22.979,
                                43.108
                            ],
                            [
                                22.995,
                                43.135
                            ],
                            [
                                22.988,
                                43.17
                            ],
                            [
                                23.006,
                                43.193
                            ],
                            [
                                23.015,
                                43.198
                            ],
                            [
                                23.04,
                                43.185
                            ],
                            [
                                23.068,
                                43.165
                            ],
                            [
                                23.069,
                                43.165
                            ],
                            [
                                23.071,
                                43.162
                            ],
                            [
                                23.108,
                                43.123
                            ],
                            [
                                23.108,
                                43.11
                            ],
                            [
                                23.141,
                                43.114
                            ],
                            [
                                23.142,
                                43.113
                            ],
                            [
                                23.141,
                                43.113
                            ],
                            [
                                23.143,
                                43.112
                            ],
                            [
                                23.16,
                                43.111
                            ],
                            [
                                23.189,
                                43.115
                            ],
                            [
                                23.201,
                                43.115
                            ],
                            [
                                23.204,
                                43.113
                            ]
                        ]
                    ]
                ]
            },
            "properties": {
                "geography_level_1": "southwestern",
                "is_multi": true,
                "is_clickable": 1
            }
        },
        {
            "type": "Feature",
            "geometry": {
                "type": "MultiPolygon",
                "coordinates": [
                    [
                        [
                            [
                                24.47,
                                41.99
                            ],
                            [
                                24.483,
                                41.961
                            ],
                            [
                                24.502,
                                41.931
                            ],
                            [
                                24.52,
                                41.93
                            ],
                            [
                                24.521,
                                41.93
                            ],
                            [
                                24.511,
                                41.918
                            ],
                            [
                                24.532,
                                41.885
                            ],
                            [
                                24.533,
                                41.885
                            ],
                            [
                                24.55,
                                41.872
                            ],
                            [
                                24.563,
                                41.877
                            ],
                            [
                                24.58,
                                41.883
                            ],
                            [
                                24.593,
                                41.887
                            ],
                            [
                                24.594,
                                41.887
                            ],
                            [
                                24.628,
                                41.902
                            ],
                            [
                                24.628,
                                41.904
                            ],
                            [
                                24.629,
                                41.904
                            ],
                            [
                                24.662,
                                41.907
                            ],
                            [
                                24.692,
                                41.904
                            ],
                            [
                                24.713,
                                41.892
                            ],
                            [
                                24.747,
                                41.886
                            ],
                            [
                                24.753,
                                41.887
                            ],
                            [
                                24.762,
                                41.871
                            ],
                            [
                                24.761,
                                41.869
                            ],
                            [
                                24.761,
                                41.866
                            ],
                            [
                                24.773,
                                41.847
                            ],
                            [
                                24.783,
                                41.84
                            ],
                            [
                                24.772,
                                41.828
                            ],
                            [
                                24.773,
                                41.823
                            ],
                            [
                                24.767,
                                41.824
                            ],
                            [
                                24.766,
                                41.822
                            ],
                            [
                                24.766,
                                41.82
                            ],
                            [
                                24.767,
                                41.819
                            ],
                            [
                                24.736,
                                41.8
                            ],
                            [
                                24.77,
                                41.766
                            ],
                            [
                                24.807,
                                41.763
                            ],
                            [
                                24.807,
                                41.761
                            ],
                            [
                                24.806,
                                41.761
                            ],
                            [
                                24.806,
                                41.76
                            ],
                            [
                                24.805,
                                41.757
                            ],
                            [
                                24.804,
                                41.756
                            ],
                            [
                                24.797,
                                41.749
                            ],
                            [
                                24.796,
                                41.749
                            ],
                            [
                                24.788,
                                41.732
                            ],
                            [
                                24.787,
                                41.726
                            ],
                            [
                                24.799,
                                41.719
                            ],
                            [
                                24.82,
                                41.705
                            ],
                            [
                                24.829,
                                41.693
                            ],
                            [
                                24.836,
                                41.693
                            ],
                            [
                                24.849,
                                41.684
                            ],
                            [
                                24.852,
                                41.69
                            ],
                            [
                                24.872,
                                41.707
                            ],
                            [
                                24.9,
                                41.708
                            ],
                            [
                                24.912,
                                41.74
                            ],
                            [
                                24.92,
                                41.741
                            ],
                            [
                                24.932,
                                41.745
                            ],
                            [
                                24.933,
                                41.745
                            ],
                            [
                                24.934,
                                41.743
                            ],
                            [
                                24.935,
                                41.743
                            ],
                            [
                                24.96,
                                41.733
                            ],
                            [
                                24.968,
                                41.744
                            ],
                            [
                                24.955,
                                41.772
                            ],
                            [
                                24.964,
                                41.805
                            ],
                            [
                                24.964,
                                41.806
                            ],
                            [
                                24.985,
                                41.824
                            ],
                            [
                                24.984,
                                41.824
                            ],
                            [
                                25,
                                41.835
                            ],
                            [
                                25.002,
                                41.839
                            ],
                            [
                                25.026,
                                41.823
                            ],
                            [
                                25.032,
                                41.808
                            ],
                            [
                                25.041,
                                41.799
                            ],
                            [
                                25.043,
                                41.8
                            ],
                            [
                                25.052,
                                41.799
                            ],
                            [
                                25.058,
                                41.803
                            ],
                            [
                                25.059,
                                41.804
                            ],
                            [
                                25.069,
                                41.804
                            ],
                            [
                                25.074,
                                41.801
                            ],
                            [
                                25.074,
                                41.8
                            ],
                            [
                                25.074,
                                41.799
                            ],
                            [
                                25.073,
                                41.796
                            ],
                            [
                                25.074,
                                41.794
                            ],
                            [
                                25.074,
                                41.793
                            ],
                            [
                                25.079,
                                41.792
                            ],
                            [
                                25.086,
                                41.793
                            ],
                            [
                                25.105,
                                41.798
                            ],
                            [
                                25.118,
                                41.8
                            ],
                            [
                                25.114,
                                41.806
                            ],
                            [
                                25.113,
                                41.807
                            ],
                            [
                                25.112,
                                41.807
                            ],
                            [
                                25.111,
                                41.821
                            ],
                            [
                                25.111,
                                41.822
                            ],
                            [
                                25.119,
                                41.827
                            ],
                            [
                                25.119,
                                41.828
                            ],
                            [
                                25.143,
                                41.835
                            ],
                            [
                                25.147,
                                41.843
                            ],
                            [
                                25.144,
                                41.871
                            ],
                            [
                                25.147,
                                41.871
                            ],
                            [
                                25.16,
                                41.873
                            ],
                            [
                                25.163,
                                41.872
                            ],
                            [
                                25.167,
                                41.875
                            ],
                            [
                                25.189,
                                41.899
                            ],
                            [
                                25.191,
                                41.9
                            ],
                            [
                                25.199,
                                41.902
                            ],
                            [
                                25.218,
                                41.896
                            ],
                            [
                                25.263,
                                41.906
                            ],
                            [
                                25.266,
                                41.923
                            ],
                            [
                                25.284,
                                41.941
                            ],
                            [
                                25.286,
                                41.943
                            ],
                            [
                                25.286,
                                41.944
                            ],
                            [
                                25.301,
                                41.948
                            ],
                            [
                                25.308,
                                41.959
                            ],
                            [
                                25.317,
                                41.968
                            ],
                            [
                                25.317,
                                41.979
                            ],
                            [
                                25.312,
                                41.983
                            ],
                            [
                                25.308,
                                41.995
                            ],
                            [
                                25.308,
                                41.999
                            ],
                            [
                                25.309,
                                42.001
                            ],
                            [
                                25.309,
                                42.004
                            ],
                            [
                                25.311,
                                42.007
                            ],
                            [
                                25.311,
                                42.008
                            ],
                            [
                                25.295,
                                42.044
                            ],
                            [
                                25.297,
                                42.049
                            ],
                            [
                                25.301,
                                42.049
                            ],
                            [
                                25.308,
                                42.061
                            ],
                            [
                                25.34,
                                42.078
                            ],
                            [
                                25.347,
                                42.094
                            ],
                            [
                                25.348,
                                42.114
                            ],
                            [
                                25.38,
                                42.105
                            ],
                            [
                                25.401,
                                42.104
                            ],
                            [
                                25.424,
                                42.09
                            ],
                            [
                                25.425,
                                42.09
                            ],
                            [
                                25.428,
                                42.089
                            ],
                            [
                                25.451,
                                42.111
                            ],
                            [
                                25.457,
                                42.112
                            ],
                            [
                                25.458,
                                42.113
                            ],
                            [
                                25.466,
                                42.138
                            ],
                            [
                                25.458,
                                42.155
                            ],
                            [
                                25.493,
                                42.17
                            ],
                            [
                                25.499,
                                42.172
                            ],
                            [
                                25.502,
                                42.173
                            ],
                            [
                                25.504,
                                42.174
                            ],
                            [
                                25.505,
                                42.174
                            ],
                            [
                                25.506,
                                42.174
                            ],
                            [
                                25.519,
                                42.177
                            ],
                            [
                                25.55,
                                42.157
                            ],
                            [
                                25.557,
                                42.16
                            ],
                            [
                                25.558,
                                42.161
                            ],
                            [
                                25.569,
                                42.167
                            ],
                            [
                                25.58,
                                42.173
                            ],
                            [
                                25.591,
                                42.195
                            ],
                            [
                                25.609,
                                42.201
                            ],
                            [
                                25.63,
                                42.181
                            ],
                            [
                                25.618,
                                42.141
                            ],
                            [
                                25.626,
                                42.127
                            ],
                            [
                                25.637,
                                42.123
                            ],
                            [
                                25.638,
                                42.124
                            ],
                            [
                                25.64,
                                42.129
                            ],
                            [
                                25.641,
                                42.129
                            ],
                            [
                                25.663,
                                42.139
                            ],
                            [
                                25.664,
                                42.139
                            ],
                            [
                                25.665,
                                42.144
                            ],
                            [
                                25.665,
                                42.145
                            ],
                            [
                                25.706,
                                42.129
                            ],
                            [
                                25.707,
                                42.124
                            ],
                            [
                                25.707,
                                42.123
                            ],
                            [
                                25.705,
                                42.121
                            ],
                            [
                                25.722,
                                42.098
                            ],
                            [
                                25.726,
                                42.093
                            ],
                            [
                                25.727,
                                42.09
                            ],
                            [
                                25.733,
                                42.082
                            ],
                            [
                                25.73,
                                42.079
                            ],
                            [
                                25.732,
                                42.077
                            ],
                            [
                                25.744,
                                42.068
                            ],
                            [
                                25.759,
                                42.067
                            ],
                            [
                                25.763,
                                42.065
                            ],
                            [
                                25.763,
                                42.064
                            ],
                            [
                                25.759,
                                42.06
                            ],
                            [
                                25.758,
                                42.057
                            ],
                            [
                                25.771,
                                42.053
                            ],
                            [
                                25.772,
                                42.054
                            ],
                            [
                                25.781,
                                42.058
                            ],
                            [
                                25.806,
                                42.083
                            ],
                            [
                                25.81,
                                42.081
                            ],
                            [
                                25.835,
                                42.085
                            ],
                            [
                                25.848,
                                42.102
                            ],
                            [
                                25.841,
                                42.109
                            ],
                            [
                                25.85,
                                42.122
                            ],
                            [
                                25.872,
                                42.121
                            ],
                            [
                                25.873,
                                42.121
                            ],
                            [
                                25.873,
                                42.12
                            ],
                            [
                                25.878,
                                42.114
                            ],
                            [
                                25.906,
                                42.123
                            ],
                            [
                                25.915,
                                42.113
                            ],
                            [
                                25.936,
                                42.106
                            ],
                            [
                                25.977,
                                42.096
                            ],
                            [
                                25.999,
                                42.076
                            ],
                            [
                                26.017,
                                42.062
                            ],
                            [
                                26.02,
                                42.04
                            ],
                            [
                                26.027,
                                42.031
                            ],
                            [
                                26.058,
                                42.018
                            ],
                            [
                                26.078,
                                42.029
                            ],
                            [
                                26.113,
                                42.038
                            ],
                            [
                                26.114,
                                42.038
                            ],
                            [
                                26.149,
                                42.037
                            ],
                            [
                                26.151,
                                42.038
                            ],
                            [
                                26.153,
                                42.044
                            ],
                            [
                                26.155,
                                42.065
                            ],
                            [
                                26.156,
                                42.065
                            ],
                            [
                                26.14,
                                42.096
                            ],
                            [
                                26.134,
                                42.099
                            ],
                            [
                                26.133,
                                42.1
                            ],
                            [
                                26.129,
                                42.124
                            ],
                            [
                                26.132,
                                42.128
                            ],
                            [
                                26.138,
                                42.155
                            ],
                            [
                                26.146,
                                42.157
                            ],
                            [
                                26.168,
                                42.172
                            ],
                            [
                                26.167,
                                42.193
                            ],
                            [
                                26.174,
                                42.194
                            ],
                            [
                                26.193,
                                42.208
                            ],
                            [
                                26.219,
                                42.188
                            ],
                            [
                                26.219,
                                42.187
                            ],
                            [
                                26.241,
                                42.193
                            ],
                            [
                                26.242,
                                42.192
                            ],
                            [
                                26.291,
                                42.176
                            ],
                            [
                                26.305,
                                42.175
                            ],
                            [
                                26.31,
                                42.174
                            ],
                            [
                                26.34,
                                42.163
                            ],
                            [
                                26.342,
                                42.162
                            ],
                            [
                                26.341,
                                42.163
                            ],
                            [
                                26.341,
                                42.164
                            ],
                            [
                                26.354,
                                42.162
                            ],
                            [
                                26.363,
                                42.161
                            ],
                            [
                                26.372,
                                42.17
                            ],
                            [
                                26.372,
                                42.171
                            ],
                            [
                                26.394,
                                42.16
                            ],
                            [
                                26.413,
                                42.152
                            ],
                            [
                                26.448,
                                42.171
                            ],
                            [
                                26.469,
                                42.153
                            ],
                            [
                                26.49,
                                42.165
                            ],
                            [
                                26.489,
                                42.171
                            ],
                            [
                                26.492,
                                42.17
                            ],
                            [
                                26.496,
                                42.165
                            ],
                            [
                                26.497,
                                42.165
                            ],
                            [
                                26.497,
                                42.16
                            ],
                            [
                                26.495,
                                42.157
                            ],
                            [
                                26.495,
                                42.146
                            ],
                            [
                                26.538,
                                42.154
                            ],
                            [
                                26.534,
                                42.145
                            ],
                            [
                                26.531,
                                42.141
                            ],
                            [
                                26.534,
                                42.136
                            ],
                            [
                                26.506,
                                42.098
                            ],
                            [
                                26.51,
                                42.075
                            ],
                            [
                                26.534,
                                42.047
                            ],
                            [
                                26.533,
                                42.032
                            ],
                            [
                                26.535,
                                42.028
                            ],
                            [
                                26.509,
                                42.001
                            ],
                            [
                                26.508,
                                42
                            ],
                            [
                                26.51,
                                41.988
                            ],
                            [
                                26.561,
                                41.927
                            ],
                            [
                                26.561,
                                41.926
                            ],
                            [
                                26.571,
                                41.912
                            ],
                            [
                                26.568,
                                41.888
                            ],
                            [
                                26.568,
                                41.887
                            ],
                            [
                                26.563,
                                41.863
                            ],
                            [
                                26.539,
                                41.823
                            ],
                            [
                                26.498,
                                41.823
                            ],
                            [
                                26.449,
                                41.823
                            ],
                            [
                                26.424,
                                41.823
                            ],
                            [
                                26.369,
                                41.821
                            ],
                            [
                                26.368,
                                41.817
                            ],
                            [
                                26.353,
                                41.796
                            ],
                            [
                                26.348,
                                41.789
                            ],
                            [
                                26.329,
                                41.738
                            ],
                            [
                                26.358,
                                41.714
                            ],
                            [
                                26.294,
                                41.711
                            ],
                            [
                                26.247,
                                41.725
                            ],
                            [
                                26.166,
                                41.748
                            ],
                            [
                                26.14,
                                41.736
                            ],
                            [
                                26.129,
                                41.734
                            ],
                            [
                                26.112,
                                41.713
                            ],
                            [
                                26.07,
                                41.71
                            ],
                            [
                                26.07,
                                41.709
                            ],
                            [
                                26.07,
                                41.708
                            ],
                            [
                                26.063,
                                41.695
                            ],
                            [
                                26.07,
                                41.652
                            ],
                            [
                                26.082,
                                41.642
                            ],
                            [
                                26.098,
                                41.627
                            ],
                            [
                                26.121,
                                41.624
                            ],
                            [
                                26.154,
                                41.606
                            ],
                            [
                                26.149,
                                41.554
                            ],
                            [
                                26.152,
                                41.554
                            ],
                            [
                                26.177,
                                41.554
                            ],
                            [
                                26.18,
                                41.516
                            ],
                            [
                                26.155,
                                41.475
                            ],
                            [
                                26.155,
                                41.474
                            ],
                            [
                                26.159,
                                41.472
                            ],
                            [
                                26.162,
                                41.47
                            ],
                            [
                                26.186,
                                41.453
                            ],
                            [
                                26.189,
                                41.439
                            ],
                            [
                                26.161,
                                41.416
                            ],
                            [
                                26.16,
                                41.4
                            ],
                            [
                                26.159,
                                41.4
                            ],
                            [
                                26.128,
                                41.354
                            ],
                            [
                                26.092,
                                41.346
                            ],
                            [
                                26.044,
                                41.35
                            ],
                            [
                                26.03,
                                41.347
                            ],
                            [
                                26.01,
                                41.345
                            ],
                            [
                                25.999,
                                41.326
                            ],
                            [
                                25.961,
                                41.32
                            ],
                            [
                                25.95,
                                41.321
                            ],
                            [
                                25.949,
                                41.32
                            ],
                            [
                                25.948,
                                41.32
                            ],
                            [
                                25.884,
                                41.304
                            ],
                            [
                                25.873,
                                41.328
                            ],
                            [
                                25.859,
                                41.327
                            ],
                            [
                                25.82,
                                41.341
                            ],
                            [
                                25.8,
                                41.333
                            ],
                            [
                                25.777,
                                41.321
                            ],
                            [
                                25.763,
                                41.325
                            ],
                            [
                                25.718,
                                41.317
                            ],
                            [
                                25.702,
                                41.292
                            ],
                            [
                                25.684,
                                41.307
                            ],
                            [
                                25.683,
                                41.307
                            ],
                            [
                                25.658,
                                41.314
                            ],
                            [
                                25.652,
                                41.313
                            ],
                            [
                                25.647,
                                41.313
                            ],
                            [
                                25.609,
                                41.304
                            ],
                            [
                                25.584,
                                41.315
                            ],
                            [
                                25.558,
                                41.316
                            ],
                            [
                                25.557,
                                41.316
                            ],
                            [
                                25.545,
                                41.31
                            ],
                            [
                                25.539,
                                41.297
                            ],
                            [
                                25.535,
                                41.291
                            ],
                            [
                                25.532,
                                41.278
                            ],
                            [
                                25.473,
                                41.288
                            ],
                            [
                                25.432,
                                41.276
                            ],
                            [
                                25.429,
                                41.266
                            ],
                            [
                                25.413,
                                41.265
                            ],
                            [
                                25.389,
                                41.258
                            ],
                            [
                                25.342,
                                41.248
                            ],
                            [
                                25.315,
                                41.244
                            ],
                            [
                                25.297,
                                41.245
                            ],
                            [
                                25.296,
                                41.245
                            ],
                            [
                                25.276,
                                41.239
                            ],
                            [
                                25.232,
                                41.247
                            ],
                            [
                                25.224,
                                41.265
                            ],
                            [
                                25.225,
                                41.267
                            ],
                            [
                                25.209,
                                41.292
                            ],
                            [
                                25.181,
                                41.308
                            ],
                            [
                                25.179,
                                41.31
                            ],
                            [
                                25.164,
                                41.312
                            ],
                            [
                                25.123,
                                41.332
                            ],
                            [
                                25.126,
                                41.342
                            ],
                            [
                                25.108,
                                41.34
                            ],
                            [
                                25.107,
                                41.339
                            ],
                            [
                                25.082,
                                41.339
                            ],
                            [
                                25.064,
                                41.36
                            ],
                            [
                                25.011,
                                41.373
                            ],
                            [
                                24.949,
                                41.387
                            ],
                            [
                                24.917,
                                41.408
                            ],
                            [
                                24.867,
                                41.391
                            ],
                            [
                                24.866,
                                41.391
                            ],
                            [
                                24.835,
                                41.398
                            ],
                            [
                                24.819,
                                41.401
                            ],
                            [
                                24.819,
                                41.398
                            ],
                            [
                                24.817,
                                41.373
                            ],
                            [
                                24.808,
                                41.348
                            ],
                            [
                                24.762,
                                41.376
                            ],
                            [
                                24.743,
                                41.391
                            ],
                            [
                                24.737,
                                41.397
                            ],
                            [
                                24.739,
                                41.4
                            ],
                            [
                                24.738,
                                41.4
                            ],
                            [
                                24.735,
                                41.413
                            ],
                            [
                                24.726,
                                41.417
                            ],
                            [
                                24.723,
                                41.416
                            ],
                            [
                                24.722,
                                41.416
                            ],
                            [
                                24.704,
                                41.42
                            ],
                            [
                                24.659,
                                41.427
                            ],
                            [
                                24.664,
                                41.432
                            ],
                            [
                                24.628,
                                41.432
                            ],
                            [
                                24.601,
                                41.435
                            ],
                            [
                                24.598,
                                41.459
                            ],
                            [
                                24.575,
                                41.474
                            ],
                            [
                                24.559,
                                41.522
                            ],
                            [
                                24.554,
                                41.55
                            ],
                            [
                                24.535,
                                41.564
                            ],
                            [
                                24.525,
                                41.569
                            ],
                            [
                                24.499,
                                41.559
                            ],
                            [
                                24.467,
                                41.545
                            ],
                            [
                                24.463,
                                41.528
                            ],
                            [
                                24.434,
                                41.527
                            ],
                            [
                                24.395,
                                41.539
                            ],
                            [
                                24.37,
                                41.523
                            ],
                            [
                                24.337,
                                41.526
                            ],
                            [
                                24.305,
                                41.511
                            ],
                            [
                                24.303,
                                41.512
                            ],
                            [
                                24.302,
                                41.512
                            ],
                            [
                                24.299,
                                41.523
                            ],
                            [
                                24.296,
                                41.546
                            ],
                            [
                                24.262,
                                41.574
                            ],
                            [
                                24.228,
                                41.548
                            ],
                            [
                                24.211,
                                41.55
                            ],
                            [
                                24.198,
                                41.539
                            ],
                            [
                                24.187,
                                41.515
                            ],
                            [
                                24.149,
                                41.539
                            ],
                            [
                                24.081,
                                41.542
                            ],
                            [
                                24.06,
                                41.522
                            ],
                            [
                                24.057,
                                41.529
                            ],
                            [
                                24.071,
                                41.555
                            ],
                            [
                                24.077,
                                41.576
                            ],
                            [
                                24.084,
                                41.579
                            ],
                            [
                                24.084,
                                41.582
                            ],
                            [
                                24.097,
                                41.587
                            ],
                            [
                                24.1,
                                41.586
                            ],
                            [
                                24.103,
                                41.586
                            ],
                            [
                                24.085,
                                41.615
                            ],
                            [
                                24.11,
                                41.652
                            ],
                            [
                                24.075,
                                41.673
                            ],
                            [
                                24.074,
                                41.673
                            ],
                            [
                                24.058,
                                41.682
                            ],
                            [
                                24.057,
                                41.682
                            ],
                            [
                                24.049,
                                41.698
                            ],
                            [
                                24.018,
                                41.706
                            ],
                            [
                                24.01,
                                41.723
                            ],
                            [
                                24.003,
                                41.72
                            ],
                            [
                                23.985,
                                41.738
                            ],
                            [
                                23.926,
                                41.768
                            ],
                            [
                                23.919,
                                41.779
                            ],
                            [
                                23.905,
                                41.788
                            ],
                            [
                                23.863,
                                41.794
                            ],
                            [
                                23.862,
                                41.794
                            ],
                            [
                                23.85,
                                41.809
                            ],
                            [
                                23.85,
                                41.81
                            ],
                            [
                                23.834,
                                41.815
                            ],
                            [
                                23.833,
                                41.815
                            ],
                            [
                                23.786,
                                41.834
                            ],
                            [
                                23.791,
                                41.843
                            ],
                            [
                                23.791,
                                41.845
                            ],
                            [
                                23.78,
                                41.875
                            ],
                            [
                                23.788,
                                41.888
                            ],
                            [
                                23.789,
                                41.891
                            ],
                            [
                                23.789,
                                41.892
                            ],
                            [
                                23.755,
                                41.929
                            ],
                            [
                                23.766,
                                41.954
                            ],
                            [
                                23.767,
                                41.954
                            ],
                            [
                                23.769,
                                41.962
                            ],
                            [
                                23.76,
                                41.976
                            ],
                            [
                                23.76,
                                41.977
                            ],
                            [
                                23.764,
                                41.996
                            ],
                            [
                                23.765,
                                41.997
                            ],
                            [
                                23.782,
                                42.005
                            ],
                            [
                                23.784,
                                42.011
                            ],
                            [
                                23.792,
                                42.017
                            ],
                            [
                                23.807,
                                42.026
                            ],
                            [
                                23.807,
                                42.027
                            ],
                            [
                                23.825,
                                42.034
                            ],
                            [
                                23.824,
                                42.04
                            ],
                            [
                                23.812,
                                42.047
                            ],
                            [
                                23.811,
                                42.047
                            ],
                            [
                                23.802,
                                42.05
                            ],
                            [
                                23.801,
                                42.05
                            ],
                            [
                                23.796,
                                42.054
                            ],
                            [
                                23.793,
                                42.08
                            ],
                            [
                                23.801,
                                42.085
                            ],
                            [
                                23.798,
                                42.099
                            ],
                            [
                                23.794,
                                42.122
                            ],
                            [
                                23.813,
                                42.126
                            ],
                            [
                                23.761,
                                42.157
                            ],
                            [
                                23.772,
                                42.181
                            ],
                            [
                                23.804,
                                42.205
                            ],
                            [
                                23.841,
                                42.21
                            ],
                            [
                                23.877,
                                42.249
                            ],
                            [
                                23.885,
                                42.262
                            ],
                            [
                                23.894,
                                42.275
                            ],
                            [
                                23.892,
                                42.28
                            ],
                            [
                                23.891,
                                42.28
                            ],
                            [
                                23.888,
                                42.284
                            ],
                            [
                                23.888,
                                42.286
                            ],
                            [
                                23.918,
                                42.295
                            ],
                            [
                                23.925,
                                42.286
                            ],
                            [
                                23.934,
                                42.272
                            ],
                            [
                                23.935,
                                42.272
                            ],
                            [
                                23.96,
                                42.266
                            ],
                            [
                                23.961,
                                42.266
                            ],
                            [
                                23.962,
                                42.266
                            ],
                            [
                                23.963,
                                42.266
                            ],
                            [
                                23.984,
                                42.288
                            ],
                            [
                                23.984,
                                42.304
                            ],
                            [
                                23.983,
                                42.304
                            ],
                            [
                                23.947,
                                42.325
                            ],
                            [
                                23.946,
                                42.325
                            ],
                            [
                                23.941,
                                42.329
                            ],
                            [
                                23.941,
                                42.33
                            ],
                            [
                                23.962,
                                42.373
                            ],
                            [
                                23.959,
                                42.383
                            ],
                            [
                                23.964,
                                42.386
                            ],
                            [
                                23.973,
                                42.388
                            ],
                            [
                                24.014,
                                42.39
                            ],
                            [
                                24.025,
                                42.391
                            ],
                            [
                                24.03,
                                42.392
                            ],
                            [
                                24.03,
                                42.393
                            ],
                            [
                                24.046,
                                42.427
                            ],
                            [
                                24.066,
                                42.45
                            ],
                            [
                                24.048,
                                42.464
                            ],
                            [
                                24.044,
                                42.465
                            ],
                            [
                                24.043,
                                42.465
                            ],
                            [
                                24.039,
                                42.467
                            ],
                            [
                                24.026,
                                42.461
                            ],
                            [
                                24,
                                42.458
                            ],
                            [
                                23.981,
                                42.459
                            ],
                            [
                                23.98,
                                42.463
                            ],
                            [
                                23.97,
                                42.463
                            ],
                            [
                                23.954,
                                42.464
                            ],
                            [
                                23.957,
                                42.477
                            ],
                            [
                                23.91,
                                42.504
                            ],
                            [
                                23.914,
                                42.522
                            ],
                            [
                                23.891,
                                42.546
                            ],
                            [
                                23.917,
                                42.561
                            ],
                            [
                                23.967,
                                42.572
                            ],
                            [
                                23.968,
                                42.571
                            ],
                            [
                                23.969,
                                42.571
                            ],
                            [
                                23.985,
                                42.57
                            ],
                            [
                                24.03,
                                42.546
                            ],
                            [
                                24.072,
                                42.561
                            ],
                            [
                                24.086,
                                42.572
                            ],
                            [
                                24.124,
                                42.575
                            ],
                            [
                                24.143,
                                42.605
                            ],
                            [
                                24.152,
                                42.606
                            ],
                            [
                                24.154,
                                42.615
                            ],
                            [
                                24.197,
                                42.619
                            ],
                            [
                                24.205,
                                42.622
                            ],
                            [
                                24.249,
                                42.624
                            ],
                            [
                                24.282,
                                42.623
                            ],
                            [
                                24.294,
                                42.612
                            ],
                            [
                                24.315,
                                42.583
                            ],
                            [
                                24.316,
                                42.583
                            ],
                            [
                                24.348,
                                42.567
                            ],
                            [
                                24.349,
                                42.567
                            ],
                            [
                                24.355,
                                42.551
                            ],
                            [
                                24.379,
                                42.567
                            ],
                            [
                                24.406,
                                42.565
                            ],
                            [
                                24.412,
                                42.565
                            ],
                            [
                                24.421,
                                42.553
                            ],
                            [
                                24.417,
                                42.526
                            ],
                            [
                                24.388,
                                42.497
                            ],
                            [
                                24.385,
                                42.477
                            ],
                            [
                                24.403,
                                42.464
                            ],
                            [
                                24.406,
                                42.464
                            ],
                            [
                                24.433,
                                42.453
                            ],
                            [
                                24.427,
                                42.437
                            ],
                            [
                                24.441,
                                42.421
                            ],
                            [
                                24.44,
                                42.421
                            ],
                            [
                                24.428,
                                42.403
                            ],
                            [
                                24.439,
                                42.38
                            ],
                            [
                                24.437,
                                42.363
                            ],
                            [
                                24.438,
                                42.361
                            ],
                            [
                                24.468,
                                42.343
                            ],
                            [
                                24.483,
                                42.315
                            ],
                            [
                                24.476,
                                42.31
                            ],
                            [
                                24.48,
                                42.305
                            ],
                            [
                                24.457,
                                42.298
                            ],
                            [
                                24.473,
                                42.266
                            ],
                            [
                                24.489,
                                42.264
                            ],
                            [
                                24.495,
                                42.227
                            ],
                            [
                                24.497,
                                42.227
                            ],
                            [
                                24.499,
                                42.181
                            ],
                            [
                                24.518,
                                42.181
                            ],
                            [
                                24.536,
                                42.151
                            ],
                            [
                                24.585,
                                42.145
                            ],
                            [
                                24.583,
                                42.134
                            ],
                            [
                                24.583,
                                42.127
                            ],
                            [
                                24.584,
                                42.122
                            ],
                            [
                                24.567,
                                42.111
                            ],
                            [
                                24.573,
                                42.079
                            ],
                            [
                                24.584,
                                42.058
                            ],
                            [
                                24.583,
                                42.017
                            ],
                            [
                                24.558,
                                42.011
                            ],
                            [
                                24.557,
                                42.011
                            ],
                            [
                                24.556,
                                42.01
                            ],
                            [
                                24.555,
                                42.01
                            ],
                            [
                                24.55,
                                42.012
                            ],
                            [
                                24.546,
                                42.011
                            ],
                            [
                                24.545,
                                42.012
                            ],
                            [
                                24.536,
                                42.046
                            ],
                            [
                                24.51,
                                42.065
                            ],
                            [
                                24.501,
                                42.064
                            ],
                            [
                                24.494,
                                42.053
                            ],
                            [
                                24.499,
                                42.014
                            ],
                            [
                                24.474,
                                41.995
                            ],
                            [
                                24.47,
                                41.99
                            ]
                        ]
                    ],
                    [
                        [
                            [
                                24.72,
                                42.715
                            ],
                            [
                                24.755,
                                42.709
                            ],
                            [
                                24.756,
                                42.709
                            ],
                            [
                                24.78,
                                42.715
                            ],
                            [
                                24.78,
                                42.716
                            ],
                            [
                                24.837,
                                42.728
                            ],
                            [
                                24.867,
                                42.722
                            ],
                            [
                                24.892,
                                42.722
                            ],
                            [
                                24.915,
                                42.716
                            ],
                            [
                                24.939,
                                42.728
                            ],
                            [
                                25.007,
                                42.738
                            ],
                            [
                                25.007,
                                42.737
                            ],
                            [
                                25.014,
                                42.719
                            ],
                            [
                                25.022,
                                42.669
                            ],
                            [
                                25.023,
                                42.659
                            ],
                            [
                                25.017,
                                42.637
                            ],
                            [
                                25.017,
                                42.635
                            ],
                            [
                                25.018,
                                42.635
                            ],
                            [
                                25.005,
                                42.609
                            ],
                            [
                                25.009,
                                42.582
                            ],
                            [
                                25.017,
                                42.56
                            ],
                            [
                                25.017,
                                42.541
                            ],
                            [
                                25.037,
                                42.528
                            ],
                            [
                                25.081,
                                42.494
                            ],
                            [
                                25.142,
                                42.499
                            ],
                            [
                                25.154,
                                42.506
                            ],
                            [
                                25.175,
                                42.498
                            ],
                            [
                                25.191,
                                42.492
                            ],
                            [
                                25.178,
                                42.47
                            ],
                            [
                                25.158,
                                42.459
                            ],
                            [
                                25.154,
                                42.455
                            ],
                            [
                                25.165,
                                42.439
                            ],
                            [
                                25.2,
                                42.422
                            ],
                            [
                                25.198,
                                42.401
                            ],
                            [
                                25.182,
                                42.392
                            ],
                            [
                                25.181,
                                42.397
                            ],
                            [
                                25.158,
                                42.409
                            ],
                            [
                                25.131,
                                42.424
                            ],
                            [
                                25.119,
                                42.409
                            ],
                            [
                                25.117,
                                42.398
                            ],
                            [
                                25.114,
                                42.397
                            ],
                            [
                                25.113,
                                42.397
                            ],
                            [
                                25.114,
                                42.389
                            ],
                            [
                                25.123,
                                42.366
                            ],
                            [
                                25.12,
                                42.365
                            ],
                            [
                                25.123,
                                42.358
                            ],
                            [
                                25.122,
                                42.35
                            ],
                            [
                                25.114,
                                42.343
                            ],
                            [
                                25.13,
                                42.3
                            ],
                            [
                                25.126,
                                42.286
                            ],
                            [
                                25.143,
                                42.291
                            ],
                            [
                                25.144,
                                42.291
                            ],
                            [
                                25.155,
                                42.292
                            ],
                            [
                                25.174,
                                42.271
                            ],
                            [
                                25.153,
                                42.263
                            ],
                            [
                                25.099,
                                42.263
                            ],
                            [
                                25.083,
                                42.255
                            ],
                            [
                                25.084,
                                42.233
                            ],
                            [
                                25.085,
                                42.233
                            ],
                            [
                                25.086,
                                42.223
                            ],
                            [
                                25.081,
                                42.183
                            ],
                            [
                                25.09,
                                42.179
                            ],
                            [
                                25.101,
                                42.176
                            ],
                            [
                                25.125,
                                42.159
                            ],
                            [
                                25.146,
                                42.159
                            ],
                            [
                                25.16,
                                42.139
                            ],
                            [
                                25.165,
                                42.142
                            ],
                            [
                                25.161,
                                42.143
                            ],
                            [
                                25.167,
                                42.18
                            ],
                            [
                                25.175,
                                42.18
                            ],
                            [
                                25.217,
                                42.164
                            ],
                            [
                                25.26,
                                42.184
                            ],
                            [
                                25.274,
                                42.16
                            ],
                            [
                                25.294,
                                42.147
                            ],
                            [
                                25.316,
                                42.148
                            ],
                            [
                                25.329,
                                42.118
                            ],
                            [
                                25.348,
                                42.114
                            ],
                            [
                                25.347,
                                42.094
                            ],
                            [
                                25.34,
                                42.078
                            ],
                            [
                                25.308,
                                42.061
                            ],
                            [
                                25.301,
                                42.049
                            ],
                            [
                                25.297,
                                42.049
                            ],
                            [
                                25.295,
                                42.044
                            ],
                            [
                                25.311,
                                42.008
                            ],
                            [
                                25.311,
                                42.007
                            ],
                            [
                                25.309,
                                42.004
                            ],
                            [
                                25.309,
                                42.001
                            ],
                            [
                                25.308,
                                41.999
                            ],
                            [
                                25.308,
                                41.995
                            ],
                            [
                                25.312,
                                41.983
                            ],
                            [
                                25.317,
                                41.979
                            ],
                            [
                                25.317,
                                41.968
                            ],
                            [
                                25.308,
                                41.959
                            ],
                            [
                                25.301,
                                41.948
                            ],
                            [
                                25.286,
                                41.944
                            ],
                            [
                                25.286,
                                41.943
                            ],
                            [
                                25.284,
                                41.941
                            ],
                            [
                                25.266,
                                41.923
                            ],
                            [
                                25.263,
                                41.906
                            ],
                            [
                                25.218,
                                41.896
                            ],
                            [
                                25.199,
                                41.902
                            ],
                            [
                                25.191,
                                41.9
                            ],
                            [
                                25.189,
                                41.899
                            ],
                            [
                                25.167,
                                41.875
                            ],
                            [
                                25.163,
                                41.872
                            ],
                            [
                                25.16,
                                41.873
                            ],
                            [
                                25.147,
                                41.871
                            ],
                            [
                                25.144,
                                41.871
                            ],
                            [
                                25.147,
                                41.843
                            ],
                            [
                                25.143,
                                41.835
                            ],
                            [
                                25.119,
                                41.828
                            ],
                            [
                                25.119,
                                41.827
                            ],
                            [
                                25.111,
                                41.822
                            ],
                            [
                                25.111,
                                41.821
                            ],
                            [
                                25.112,
                                41.807
                            ],
                            [
                                25.113,
                                41.807
                            ],
                            [
                                25.114,
                                41.806
                            ],
                            [
                                25.118,
                                41.8
                            ],
                            [
                                25.105,
                                41.798
                            ],
                            [
                                25.086,
                                41.793
                            ],
                            [
                                25.079,
                                41.792
                            ],
                            [
                                25.074,
                                41.793
                            ],
                            [
                                25.074,
                                41.794
                            ],
                            [
                                25.073,
                                41.796
                            ],
                            [
                                25.074,
                                41.799
                            ],
                            [
                                25.074,
                                41.8
                            ],
                            [
                                25.074,
                                41.801
                            ],
                            [
                                25.069,
                                41.804
                            ],
                            [
                                25.059,
                                41.804
                            ],
                            [
                                25.058,
                                41.803
                            ],
                            [
                                25.052,
                                41.799
                            ],
                            [
                                25.043,
                                41.8
                            ],
                            [
                                25.041,
                                41.799
                            ],
                            [
                                25.032,
                                41.808
                            ],
                            [
                                25.026,
                                41.823
                            ],
                            [
                                25.002,
                                41.839
                            ],
                            [
                                25,
                                41.835
                            ],
                            [
                                24.984,
                                41.824
                            ],
                            [
                                24.985,
                                41.824
                            ],
                            [
                                24.964,
                                41.806
                            ],
                            [
                                24.964,
                                41.805
                            ],
                            [
                                24.955,
                                41.772
                            ],
                            [
                                24.968,
                                41.744
                            ],
                            [
                                24.96,
                                41.733
                            ],
                            [
                                24.935,
                                41.743
                            ],
                            [
                                24.934,
                                41.743
                            ],
                            [
                                24.933,
                                41.745
                            ],
                            [
                                24.932,
                                41.745
                            ],
                            [
                                24.92,
                                41.741
                            ],
                            [
                                24.912,
                                41.74
                            ],
                            [
                                24.9,
                                41.708
                            ],
                            [
                                24.872,
                                41.707
                            ],
                            [
                                24.852,
                                41.69
                            ],
                            [
                                24.849,
                                41.684
                            ],
                            [
                                24.836,
                                41.693
                            ],
                            [
                                24.829,
                                41.693
                            ],
                            [
                                24.82,
                                41.705
                            ],
                            [
                                24.799,
                                41.719
                            ],
                            [
                                24.787,
                                41.726
                            ],
                            [
                                24.788,
                                41.732
                            ],
                            [
                                24.796,
                                41.749
                            ],
                            [
                                24.797,
                                41.749
                            ],
                            [
                                24.804,
                                41.756
                            ],
                            [
                                24.805,
                                41.757
                            ],
                            [
                                24.806,
                                41.76
                            ],
                            [
                                24.806,
                                41.761
                            ],
                            [
                                24.807,
                                41.761
                            ],
                            [
                                24.807,
                                41.763
                            ],
                            [
                                24.77,
                                41.766
                            ],
                            [
                                24.736,
                                41.8
                            ],
                            [
                                24.767,
                                41.819
                            ],
                            [
                                24.766,
                                41.82
                            ],
                            [
                                24.766,
                                41.822
                            ],
                            [
                                24.767,
                                41.824
                            ],
                            [
                                24.773,
                                41.823
                            ],
                            [
                                24.772,
                                41.828
                            ],
                            [
                                24.783,
                                41.84
                            ],
                            [
                                24.773,
                                41.847
                            ],
                            [
                                24.761,
                                41.866
                            ],
                            [
                                24.761,
                                41.869
                            ],
                            [
                                24.762,
                                41.871
                            ],
                            [
                                24.753,
                                41.887
                            ],
                            [
                                24.747,
                                41.886
                            ],
                            [
                                24.713,
                                41.892
                            ],
                            [
                                24.692,
                                41.904
                            ],
                            [
                                24.662,
                                41.907
                            ],
                            [
                                24.672,
                                41.924
                            ],
                            [
                                24.673,
                                41.925
                            ],
                            [
                                24.675,
                                41.96
                            ],
                            [
                                24.677,
                                41.963
                            ],
                            [
                                24.677,
                                41.968
                            ],
                            [
                                24.677,
                                41.969
                            ],
                            [
                                24.68,
                                41.98
                            ],
                            [
                                24.68,
                                41.983
                            ],
                            [
                                24.68,
                                41.986
                            ],
                            [
                                24.679,
                                42.01
                            ],
                            [
                                24.691,
                                42.026
                            ],
                            [
                                24.697,
                                42.036
                            ],
                            [
                                24.694,
                                42.043
                            ],
                            [
                                24.696,
                                42.043
                            ],
                            [
                                24.707,
                                42.038
                            ],
                            [
                                24.719,
                                42.042
                            ],
                            [
                                24.739,
                                42.042
                            ],
                            [
                                24.758,
                                42.036
                            ],
                            [
                                24.759,
                                42.036
                            ],
                            [
                                24.801,
                                42.08
                            ],
                            [
                                24.824,
                                42.059
                            ],
                            [
                                24.843,
                                42.058
                            ],
                            [
                                24.864,
                                42.063
                            ],
                            [
                                24.853,
                                42.079
                            ],
                            [
                                24.861,
                                42.101
                            ],
                            [
                                24.868,
                                42.137
                            ],
                            [
                                24.893,
                                42.157
                            ],
                            [
                                24.894,
                                42.157
                            ],
                            [
                                24.898,
                                42.157
                            ],
                            [
                                24.898,
                                42.156
                            ],
                            [
                                24.935,
                                42.159
                            ],
                            [
                                24.936,
                                42.159
                            ],
                            [
                                24.976,
                                42.158
                            ],
                            [
                                24.992,
                                42.179
                            ],
                            [
                                24.991,
                                42.18
                            ],
                            [
                                24.991,
                                42.181
                            ],
                            [
                                24.998,
                                42.199
                            ],
                            [
                                24.967,
                                42.223
                            ],
                            [
                                24.966,
                                42.232
                            ],
                            [
                                24.949,
                                42.243
                            ],
                            [
                                24.907,
                                42.24
                            ],
                            [
                                24.913,
                                42.22
                            ],
                            [
                                24.893,
                                42.222
                            ],
                            [
                                24.89,
                                42.222
                            ],
                            [
                                24.874,
                                42.225
                            ],
                            [
                                24.863,
                                42.223
                            ],
                            [
                                24.861,
                                42.223
                            ],
                            [
                                24.86,
                                42.222
                            ],
                            [
                                24.859,
                                42.222
                            ],
                            [
                                24.858,
                                42.222
                            ],
                            [
                                24.857,
                                42.221
                            ],
                            [
                                24.856,
                                42.223
                            ],
                            [
                                24.831,
                                42.263
                            ],
                            [
                                24.814,
                                42.265
                            ],
                            [
                                24.812,
                                42.282
                            ],
                            [
                                24.786,
                                42.282
                            ],
                            [
                                24.751,
                                42.297
                            ],
                            [
                                24.739,
                                42.297
                            ],
                            [
                                24.721,
                                42.302
                            ],
                            [
                                24.687,
                                42.277
                            ],
                            [
                                24.669,
                                42.288
                            ],
                            [
                                24.668,
                                42.288
                            ],
                            [
                                24.663,
                                42.287
                            ],
                            [
                                24.665,
                                42.273
                            ],
                            [
                                24.642,
                                42.255
                            ],
                            [
                                24.612,
                                42.258
                            ],
                            [
                                24.591,
                                42.227
                            ],
                            [
                                24.577,
                                42.231
                            ],
                            [
                                24.497,
                                42.227
                            ],
                            [
                                24.495,
                                42.227
                            ],
                            [
                                24.489,
                                42.264
                            ],
                            [
                                24.473,
                                42.266
                            ],
                            [
                                24.457,
                                42.298
                            ],
                            [
                                24.48,
                                42.305
                            ],
                            [
                                24.476,
                                42.31
                            ],
                            [
                                24.483,
                                42.315
                            ],
                            [
                                24.468,
                                42.343
                            ],
                            [
                                24.438,
                                42.361
                            ],
                            [
                                24.437,
                                42.363
                            ],
                            [
                                24.439,
                                42.38
                            ],
                            [
                                24.428,
                                42.403
                            ],
                            [
                                24.44,
                                42.421
                            ],
                            [
                                24.441,
                                42.421
                            ],
                            [
                                24.427,
                                42.437
                            ],
                            [
                                24.433,
                                42.453
                            ],
                            [
                                24.406,
                                42.464
                            ],
                            [
                                24.403,
                                42.464
                            ],
                            [
                                24.385,
                                42.477
                            ],
                            [
                                24.388,
                                42.497
                            ],
                            [
                                24.417,
                                42.526
                            ],
                            [
                                24.421,
                                42.553
                            ],
                            [
                                24.43,
                                42.56
                            ],
                            [
                                24.45,
                                42.554
                            ],
                            [
                                24.451,
                                42.554
                            ],
                            [
                                24.479,
                                42.589
                            ],
                            [
                                24.483,
                                42.6
                            ],
                            [
                                24.425,
                                42.645
                            ],
                            [
                                24.394,
                                42.652
                            ],
                            [
                                24.39,
                                42.657
                            ],
                            [
                                24.367,
                                42.671
                            ],
                            [
                                24.363,
                                42.694
                            ],
                            [
                                24.37,
                                42.705
                            ],
                            [
                                24.37,
                                42.706
                            ],
                            [
                                24.386,
                                42.729
                            ],
                            [
                                24.386,
                                42.75
                            ],
                            [
                                24.423,
                                42.754
                            ],
                            [
                                24.464,
                                42.75
                            ],
                            [
                                24.477,
                                42.758
                            ],
                            [
                                24.494,
                                42.793
                            ],
                            [
                                24.494,
                                42.794
                            ],
                            [
                                24.502,
                                42.792
                            ],
                            [
                                24.547,
                                42.788
                            ],
                            [
                                24.559,
                                42.79
                            ],
                            [
                                24.581,
                                42.788
                            ],
                            [
                                24.599,
                                42.781
                            ],
                            [
                                24.606,
                                42.781
                            ],
                            [
                                24.622,
                                42.778
                            ],
                            [
                                24.641,
                                42.769
                            ],
                            [
                                24.652,
                                42.749
                            ],
                            [
                                24.66,
                                42.744
                            ],
                            [
                                24.674,
                                42.727
                            ],
                            [
                                24.686,
                                42.722
                            ],
                            [
                                24.72,
                                42.715
                            ]
                        ]
                    ]
                ]
            },
            "properties": {
                "geography_level_1": "southcentral",
                "is_multi": true,
                "is_clickable": 1
            }
        },
        {
            "type": "Feature",
            "geometry": {
                "type": "Polygon",
                "coordinates": [
                    [
                        [
                            25.537,
                            43.259
                        ],
                        [
                            25.529,
                            43.234
                        ],
                        [
                            25.486,
                            43.237
                        ],
                        [
                            25.446,
                            43.247
                        ],
                        [
                            25.437,
                            43.238
                        ],
                        [
                            25.45,
                            43.234
                        ],
                        [
                            25.453,
                            43.195
                        ],
                        [
                            25.434,
                            43.179
                        ],
                        [
                            25.45,
                            43.161
                        ],
                        [
                            25.443,
                            43.145
                        ],
                        [
                            25.453,
                            43.134
                        ],
                        [
                            25.446,
                            43.135
                        ],
                        [
                            25.437,
                            43.134
                        ],
                        [
                            25.437,
                            43.133
                        ],
                        [
                            25.394,
                            43.12
                        ],
                        [
                            25.387,
                            43.121
                        ],
                        [
                            25.394,
                            43.143
                        ],
                        [
                            25.39,
                            43.144
                        ],
                        [
                            25.355,
                            43.147
                        ],
                        [
                            25.354,
                            43.145
                        ],
                        [
                            25.344,
                            43.142
                        ],
                        [
                            25.344,
                            43.141
                        ],
                        [
                            25.343,
                            43.141
                        ],
                        [
                            25.327,
                            43.133
                        ],
                        [
                            25.326,
                            43.133
                        ],
                        [
                            25.32,
                            43.123
                        ],
                        [
                            25.301,
                            43.11
                        ],
                        [
                            25.3,
                            43.107
                        ],
                        [
                            25.307,
                            43.102
                        ],
                        [
                            25.307,
                            43.101
                        ],
                        [
                            25.308,
                            43.101
                        ],
                        [
                            25.305,
                            43.068
                        ],
                        [
                            25.304,
                            43.06
                        ],
                        [
                            25.304,
                            43.057
                        ],
                        [
                            25.305,
                            43.057
                        ],
                        [
                            25.348,
                            43.053
                        ],
                        [
                            25.369,
                            43.052
                        ],
                        [
                            25.381,
                            43.053
                        ],
                        [
                            25.385,
                            43.055
                        ],
                        [
                            25.388,
                            43.048
                        ],
                        [
                            25.396,
                            43.044
                        ],
                        [
                            25.397,
                            43.044
                        ],
                        [
                            25.406,
                            43.043
                        ],
                        [
                            25.406,
                            43.042
                        ],
                        [
                            25.407,
                            43.042
                        ],
                        [
                            25.414,
                            43.042
                        ],
                        [
                            25.414,
                            43.041
                        ],
                        [
                            25.416,
                            43.042
                        ],
                        [
                            25.417,
                            43.042
                        ],
                        [
                            25.441,
                            43.048
                        ],
                        [
                            25.442,
                            43.049
                        ],
                        [
                            25.45,
                            43.053
                        ],
                        [
                            25.457,
                            43.054
                        ],
                        [
                            25.472,
                            43.057
                        ],
                        [
                            25.472,
                            43.056
                        ],
                        [
                            25.471,
                            43.056
                        ],
                        [
                            25.472,
                            43.053
                        ],
                        [
                            25.492,
                            43.039
                        ],
                        [
                            25.493,
                            43.039
                        ],
                        [
                            25.495,
                            43.039
                        ],
                        [
                            25.505,
                            43.037
                        ],
                        [
                            25.511,
                            43.037
                        ],
                        [
                            25.537,
                            43.041
                        ],
                        [
                            25.537,
                            43.042
                        ],
                        [
                            25.548,
                            43.036
                        ],
                        [
                            25.548,
                            43.035
                        ],
                        [
                            25.553,
                            43.031
                        ],
                        [
                            25.552,
                            43.031
                        ],
                        [
                            25.552,
                            43.03
                        ],
                        [
                            25.586,
                            43.021
                        ],
                        [
                            25.587,
                            43.021
                        ],
                        [
                            25.595,
                            43.019
                        ],
                        [
                            25.578,
                            42.997
                        ],
                        [
                            25.579,
                            42.995
                        ],
                        [
                            25.578,
                            42.992
                        ],
                        [
                            25.568,
                            42.988
                        ],
                        [
                            25.566,
                            42.98
                        ],
                        [
                            25.555,
                            42.959
                        ],
                        [
                            25.556,
                            42.959
                        ],
                        [
                            25.556,
                            42.958
                        ],
                        [
                            25.556,
                            42.957
                        ],
                        [
                            25.555,
                            42.949
                        ],
                        [
                            25.558,
                            42.946
                        ],
                        [
                            25.558,
                            42.927
                        ],
                        [
                            25.559,
                            42.927
                        ],
                        [
                            25.564,
                            42.927
                        ],
                        [
                            25.563,
                            42.92
                        ],
                        [
                            25.564,
                            42.917
                        ],
                        [
                            25.563,
                            42.911
                        ],
                        [
                            25.578,
                            42.913
                        ],
                        [
                            25.579,
                            42.913
                        ],
                        [
                            25.6,
                            42.912
                        ],
                        [
                            25.613,
                            42.91
                        ],
                        [
                            25.614,
                            42.91
                        ],
                        [
                            25.615,
                            42.91
                        ],
                        [
                            25.616,
                            42.91
                        ],
                        [
                            25.617,
                            42.908
                        ],
                        [
                            25.621,
                            42.901
                        ],
                        [
                            25.62,
                            42.901
                        ],
                        [
                            25.603,
                            42.893
                        ],
                        [
                            25.598,
                            42.888
                        ],
                        [
                            25.607,
                            42.87
                        ],
                        [
                            25.611,
                            42.844
                        ],
                        [
                            25.612,
                            42.839
                        ],
                        [
                            25.613,
                            42.838
                        ],
                        [
                            25.598,
                            42.828
                        ],
                        [
                            25.592,
                            42.821
                        ],
                        [
                            25.615,
                            42.787
                        ],
                        [
                            25.61,
                            42.785
                        ],
                        [
                            25.609,
                            42.785
                        ],
                        [
                            25.609,
                            42.784
                        ],
                        [
                            25.608,
                            42.783
                        ],
                        [
                            25.607,
                            42.783
                        ],
                        [
                            25.607,
                            42.782
                        ],
                        [
                            25.607,
                            42.779
                        ],
                        [
                            25.604,
                            42.773
                        ],
                        [
                            25.604,
                            42.772
                        ],
                        [
                            25.634,
                            42.758
                        ],
                        [
                            25.618,
                            42.757
                        ],
                        [
                            25.612,
                            42.748
                        ],
                        [
                            25.584,
                            42.758
                        ],
                        [
                            25.544,
                            42.753
                        ],
                        [
                            25.537,
                            42.756
                        ],
                        [
                            25.503,
                            42.766
                        ],
                        [
                            25.487,
                            42.76
                        ],
                        [
                            25.486,
                            42.759
                        ],
                        [
                            25.475,
                            42.755
                        ],
                        [
                            25.435,
                            42.761
                        ],
                        [
                            25.434,
                            42.761
                        ],
                        [
                            25.411,
                            42.739
                        ],
                        [
                            25.41,
                            42.739
                        ],
                        [
                            25.372,
                            42.741
                        ],
                        [
                            25.362,
                            42.736
                        ],
                        [
                            25.341,
                            42.749
                        ],
                        [
                            25.327,
                            42.751
                        ],
                        [
                            25.318,
                            42.757
                        ],
                        [
                            25.317,
                            42.757
                        ],
                        [
                            25.264,
                            42.759
                        ],
                        [
                            25.25,
                            42.743
                        ],
                        [
                            25.224,
                            42.762
                        ],
                        [
                            25.213,
                            42.774
                        ],
                        [
                            25.211,
                            42.779
                        ],
                        [
                            25.179,
                            42.789
                        ],
                        [
                            25.135,
                            42.76
                        ],
                        [
                            25.116,
                            42.758
                        ],
                        [
                            25.086,
                            42.748
                        ],
                        [
                            25.083,
                            42.746
                        ],
                        [
                            25.082,
                            42.745
                        ],
                        [
                            25.069,
                            42.746
                        ],
                        [
                            25.015,
                            42.749
                        ],
                        [
                            25.015,
                            42.754
                        ],
                        [
                            25.015,
                            42.767
                        ],
                        [
                            25.008,
                            42.809
                        ],
                        [
                            24.997,
                            42.816
                        ],
                        [
                            24.992,
                            42.821
                        ],
                        [
                            24.979,
                            42.841
                        ],
                        [
                            24.979,
                            42.854
                        ],
                        [
                            24.968,
                            42.878
                        ],
                        [
                            24.967,
                            42.878
                        ],
                        [
                            24.966,
                            42.878
                        ],
                        [
                            24.941,
                            42.884
                        ],
                        [
                            24.938,
                            42.882
                        ],
                        [
                            24.932,
                            42.879
                        ],
                        [
                            24.932,
                            42.878
                        ],
                        [
                            24.909,
                            42.874
                        ],
                        [
                            24.907,
                            42.877
                        ],
                        [
                            24.884,
                            42.897
                        ],
                        [
                            24.88,
                            42.908
                        ],
                        [
                            24.88,
                            42.912
                        ],
                        [
                            24.88,
                            42.913
                        ],
                        [
                            24.886,
                            42.925
                        ],
                        [
                            24.884,
                            42.937
                        ],
                        [
                            24.884,
                            42.938
                        ],
                        [
                            24.871,
                            42.946
                        ],
                        [
                            24.872,
                            42.952
                        ],
                        [
                            24.87,
                            42.965
                        ],
                        [
                            24.873,
                            42.973
                        ],
                        [
                            24.872,
                            42.981
                        ],
                        [
                            24.872,
                            42.982
                        ],
                        [
                            24.872,
                            42.983
                        ],
                        [
                            24.871,
                            42.989
                        ],
                        [
                            24.878,
                            43.012
                        ],
                        [
                            24.878,
                            43.015
                        ],
                        [
                            24.878,
                            43.016
                        ],
                        [
                            24.897,
                            43.019
                        ],
                        [
                            24.91,
                            43.021
                        ],
                        [
                            24.921,
                            43.021
                        ],
                        [
                            24.932,
                            43.025
                        ],
                        [
                            24.945,
                            43.029
                        ],
                        [
                            24.952,
                            43.034
                        ],
                        [
                            24.945,
                            43.036
                        ],
                        [
                            24.944,
                            43.036
                        ],
                        [
                            24.944,
                            43.037
                        ],
                        [
                            24.936,
                            43.049
                        ],
                        [
                            24.937,
                            43.049
                        ],
                        [
                            24.919,
                            43.067
                        ],
                        [
                            24.922,
                            43.072
                        ],
                        [
                            24.923,
                            43.072
                        ],
                        [
                            24.925,
                            43.076
                        ],
                        [
                            24.926,
                            43.076
                        ],
                        [
                            24.926,
                            43.077
                        ],
                        [
                            24.918,
                            43.104
                        ],
                        [
                            24.928,
                            43.114
                        ],
                        [
                            24.936,
                            43.114
                        ],
                        [
                            24.937,
                            43.114
                        ],
                        [
                            24.939,
                            43.114
                        ],
                        [
                            24.939,
                            43.115
                        ],
                        [
                            24.967,
                            43.122
                        ],
                        [
                            24.967,
                            43.123
                        ],
                        [
                            24.973,
                            43.156
                        ],
                        [
                            24.962,
                            43.17
                        ],
                        [
                            24.963,
                            43.17
                        ],
                        [
                            24.964,
                            43.181
                        ],
                        [
                            24.964,
                            43.182
                        ],
                        [
                            24.963,
                            43.182
                        ],
                        [
                            24.96,
                            43.182
                        ],
                        [
                            24.958,
                            43.183
                        ],
                        [
                            24.957,
                            43.183
                        ],
                        [
                            24.956,
                            43.185
                        ],
                        [
                            24.957,
                            43.185
                        ],
                        [
                            24.958,
                            43.186
                        ],
                        [
                            24.957,
                            43.187
                        ],
                        [
                            24.957,
                            43.188
                        ],
                        [
                            24.973,
                            43.191
                        ],
                        [
                            24.974,
                            43.193
                        ],
                        [
                            24.99,
                            43.191
                        ],
                        [
                            24.994,
                            43.193
                        ],
                        [
                            25.013,
                            43.181
                        ],
                        [
                            25.076,
                            43.178
                        ],
                        [
                            25.077,
                            43.178
                        ],
                        [
                            25.107,
                            43.186
                        ],
                        [
                            25.108,
                            43.186
                        ],
                        [
                            25.111,
                            43.189
                        ],
                        [
                            25.112,
                            43.191
                        ],
                        [
                            25.115,
                            43.2
                        ],
                        [
                            25.117,
                            43.215
                        ],
                        [
                            25.114,
                            43.219
                        ],
                        [
                            25.118,
                            43.22
                        ],
                        [
                            25.119,
                            43.221
                        ],
                        [
                            25.127,
                            43.231
                        ],
                        [
                            25.127,
                            43.233
                        ],
                        [
                            25.13,
                            43.234
                        ],
                        [
                            25.132,
                            43.236
                        ],
                        [
                            25.132,
                            43.237
                        ],
                        [
                            25.142,
                            43.254
                        ],
                        [
                            25.14,
                            43.267
                        ],
                        [
                            25.144,
                            43.267
                        ],
                        [
                            25.154,
                            43.277
                        ],
                        [
                            25.182,
                            43.304
                        ],
                        [
                            25.208,
                            43.311
                        ],
                        [
                            25.233,
                            43.334
                        ],
                        [
                            25.238,
                            43.341
                        ],
                        [
                            25.255,
                            43.345
                        ],
                        [
                            25.238,
                            43.372
                        ],
                        [
                            25.191,
                            43.372
                        ],
                        [
                            25.196,
                            43.382
                        ],
                        [
                            25.202,
                            43.391
                        ],
                        [
                            25.213,
                            43.412
                        ],
                        [
                            25.212,
                            43.428
                        ],
                        [
                            25.184,
                            43.437
                        ],
                        [
                            25.177,
                            43.436
                        ],
                        [
                            25.145,
                            43.427
                        ],
                        [
                            25.13,
                            43.438
                        ],
                        [
                            25.126,
                            43.452
                        ],
                        [
                            25.163,
                            43.46
                        ],
                        [
                            25.174,
                            43.472
                        ],
                        [
                            25.21,
                            43.501
                        ],
                        [
                            25.21,
                            43.524
                        ],
                        [
                            25.228,
                            43.538
                        ],
                        [
                            25.2,
                            43.562
                        ],
                        [
                            25.202,
                            43.588
                        ],
                        [
                            25.174,
                            43.601
                        ],
                        [
                            25.219,
                            43.615
                        ],
                        [
                            25.22,
                            43.615
                        ],
                        [
                            25.214,
                            43.636
                        ],
                        [
                            25.232,
                            43.651
                        ],
                        [
                            25.29,
                            43.655
                        ],
                        [
                            25.293,
                            43.654
                        ],
                        [
                            25.341,
                            43.631
                        ],
                        [
                            25.384,
                            43.619
                        ],
                        [
                            25.42,
                            43.623
                        ],
                        [
                            25.509,
                            43.647
                        ],
                        [
                            25.544,
                            43.641
                        ],
                        [
                            25.561,
                            43.641
                        ],
                        [
                            25.62,
                            43.671
                        ],
                        [
                            25.667,
                            43.688
                        ],
                        [
                            25.718,
                            43.691
                        ],
                        [
                            25.757,
                            43.696
                        ],
                        [
                            25.788,
                            43.71
                        ],
                        [
                            25.803,
                            43.732
                        ],
                        [
                            25.837,
                            43.749
                        ],
                        [
                            25.84,
                            43.75
                        ],
                        [
                            25.84,
                            43.751
                        ],
                        [
                            25.858,
                            43.759
                        ],
                        [
                            25.866,
                            43.765
                        ],
                        [
                            25.898,
                            43.759
                        ],
                        [
                            25.926,
                            43.742
                        ],
                        [
                            25.926,
                            43.741
                        ],
                        [
                            25.963,
                            43.747
                        ],
                        [
                            26.008,
                            43.772
                        ],
                        [
                            26.018,
                            43.778
                        ],
                        [
                            26.033,
                            43.773
                        ],
                        [
                            26.044,
                            43.767
                        ],
                        [
                            26.046,
                            43.76
                        ],
                        [
                            26.082,
                            43.763
                        ],
                        [
                            26.088,
                            43.761
                        ],
                        [
                            26.079,
                            43.742
                        ],
                        [
                            26.133,
                            43.697
                        ],
                        [
                            26.133,
                            43.696
                        ],
                        [
                            26.17,
                            43.725
                        ],
                        [
                            26.191,
                            43.721
                        ],
                        [
                            26.211,
                            43.734
                        ],
                        [
                            26.248,
                            43.754
                        ],
                        [
                            26.248,
                            43.756
                        ],
                        [
                            26.247,
                            43.784
                        ],
                        [
                            26.345,
                            43.775
                        ],
                        [
                            26.352,
                            43.778
                        ],
                        [
                            26.356,
                            43.785
                        ],
                        [
                            26.355,
                            43.796
                        ],
                        [
                            26.353,
                            43.8
                        ],
                        [
                            26.354,
                            43.835
                        ],
                        [
                            26.353,
                            43.836
                        ],
                        [
                            26.338,
                            43.864
                        ],
                        [
                            26.318,
                            43.864
                        ],
                        [
                            26.283,
                            43.858
                        ],
                        [
                            26.273,
                            43.849
                        ],
                        [
                            26.247,
                            43.838
                        ],
                        [
                            26.216,
                            43.887
                        ],
                        [
                            26.209,
                            43.89
                        ],
                        [
                            26.208,
                            43.89
                        ],
                        [
                            26.194,
                            43.899
                        ],
                        [
                            26.187,
                            43.904
                        ],
                        [
                            26.162,
                            43.916
                        ],
                        [
                            26.149,
                            43.925
                        ],
                        [
                            26.159,
                            43.966
                        ],
                        [
                            26.152,
                            43.977
                        ],
                        [
                            26.158,
                            43.98
                        ],
                        [
                            26.146,
                            43.985
                        ],
                        [
                            26.188,
                            43.985
                        ],
                        [
                            26.259,
                            44.003
                        ],
                        [
                            26.303,
                            44.026
                        ],
                        [
                            26.335,
                            44.032
                        ],
                        [
                            26.357,
                            44.038
                        ],
                        [
                            26.388,
                            44.043
                        ],
                        [
                            26.423,
                            44.036
                        ],
                        [
                            26.462,
                            44.035
                        ],
                        [
                            26.484,
                            44.043
                        ],
                        [
                            26.549,
                            44.054
                        ],
                        [
                            26.608,
                            44.054
                        ],
                        [
                            26.665,
                            44.063
                        ],
                        [
                            26.7,
                            44.076
                        ],
                        [
                            26.741,
                            44.074
                        ],
                        [
                            26.773,
                            44.081
                        ],
                        [
                            26.803,
                            44.093
                        ],
                        [
                            26.875,
                            44.121
                        ],
                        [
                            26.885,
                            44.125
                        ],
                        [
                            26.908,
                            44.134
                        ],
                        [
                            27.005,
                            44.137
                        ],
                        [
                            27.05,
                            44.144
                        ],
                        [
                            27.078,
                            44.134
                        ],
                        [
                            27.109,
                            44.137
                        ],
                        [
                            27.137,
                            44.139
                        ],
                        [
                            27.2,
                            44.118
                        ],
                        [
                            27.239,
                            44.116
                        ],
                        [
                            27.277,
                            44.129
                        ],
                        [
                            27.278,
                            44.096
                        ],
                        [
                            27.291,
                            44.075
                        ],
                        [
                            27.333,
                            44.064
                        ],
                        [
                            27.356,
                            44.059
                        ],
                        [
                            27.37,
                            44.041
                        ],
                        [
                            27.399,
                            44.012
                        ],
                        [
                            27.413,
                            44.014
                        ],
                        [
                            27.434,
                            44.017
                        ],
                        [
                            27.45,
                            44.02
                        ],
                        [
                            27.479,
                            44.022
                        ],
                        [
                            27.586,
                            44.014
                        ],
                        [
                            27.594,
                            44.014
                        ],
                        [
                            27.612,
                            44.012
                        ],
                        [
                            27.644,
                            44.048
                        ],
                        [
                            27.674,
                            44.03
                        ],
                        [
                            27.696,
                            43.987
                        ],
                        [
                            27.659,
                            43.979
                        ],
                        [
                            27.653,
                            43.951
                        ],
                        [
                            27.654,
                            43.951
                        ],
                        [
                            27.637,
                            43.944
                        ],
                        [
                            27.636,
                            43.932
                        ],
                        [
                            27.631,
                            43.918
                        ],
                        [
                            27.631,
                            43.91
                        ],
                        [
                            27.596,
                            43.892
                        ],
                        [
                            27.576,
                            43.91
                        ],
                        [
                            27.576,
                            43.911
                        ],
                        [
                            27.546,
                            43.918
                        ],
                        [
                            27.543,
                            43.918
                        ],
                        [
                            27.531,
                            43.889
                        ],
                        [
                            27.53,
                            43.875
                        ],
                        [
                            27.529,
                            43.875
                        ],
                        [
                            27.524,
                            43.849
                        ],
                        [
                            27.514,
                            43.85
                        ],
                        [
                            27.513,
                            43.85
                        ],
                        [
                            27.502,
                            43.845
                        ],
                        [
                            27.504,
                            43.841
                        ],
                        [
                            27.504,
                            43.84
                        ],
                        [
                            27.485,
                            43.84
                        ],
                        [
                            27.464,
                            43.859
                        ],
                        [
                            27.46,
                            43.86
                        ],
                        [
                            27.451,
                            43.871
                        ],
                        [
                            27.45,
                            43.871
                        ],
                        [
                            27.45,
                            43.87
                        ],
                        [
                            27.419,
                            43.848
                        ],
                        [
                            27.395,
                            43.853
                        ],
                        [
                            27.373,
                            43.816
                        ],
                        [
                            27.373,
                            43.818
                        ],
                        [
                            27.357,
                            43.815
                        ],
                        [
                            27.351,
                            43.807
                        ],
                        [
                            27.32,
                            43.808
                        ],
                        [
                            27.317,
                            43.808
                        ],
                        [
                            27.318,
                            43.804
                        ],
                        [
                            27.295,
                            43.805
                        ],
                        [
                            27.293,
                            43.801
                        ],
                        [
                            27.289,
                            43.799
                        ],
                        [
                            27.285,
                            43.801
                        ],
                        [
                            27.258,
                            43.772
                        ],
                        [
                            27.248,
                            43.77
                        ],
                        [
                            27.229,
                            43.747
                        ],
                        [
                            27.222,
                            43.754
                        ],
                        [
                            27.21,
                            43.743
                        ],
                        [
                            27.209,
                            43.743
                        ],
                        [
                            27.209,
                            43.721
                        ],
                        [
                            27.199,
                            43.705
                        ],
                        [
                            27.2,
                            43.705
                        ],
                        [
                            27.221,
                            43.692
                        ],
                        [
                            27.222,
                            43.692
                        ],
                        [
                            27.22,
                            43.665
                        ],
                        [
                            27.18,
                            43.679
                        ],
                        [
                            27.178,
                            43.679
                        ],
                        [
                            27.153,
                            43.669
                        ],
                        [
                            27.152,
                            43.669
                        ],
                        [
                            27.135,
                            43.675
                        ],
                        [
                            27.106,
                            43.689
                        ],
                        [
                            27.13,
                            43.711
                        ],
                        [
                            27.082,
                            43.719
                        ],
                        [
                            27.04,
                            43.706
                        ],
                        [
                            27.002,
                            43.697
                        ],
                        [
                            27.026,
                            43.676
                        ],
                        [
                            27.026,
                            43.673
                        ],
                        [
                            27.027,
                            43.673
                        ],
                        [
                            27.027,
                            43.667
                        ],
                        [
                            27.035,
                            43.657
                        ],
                        [
                            27.029,
                            43.651
                        ],
                        [
                            27.003,
                            43.654
                        ],
                        [
                            26.986,
                            43.65
                        ],
                        [
                            26.986,
                            43.649
                        ],
                        [
                            26.985,
                            43.649
                        ],
                        [
                            26.964,
                            43.625
                        ],
                        [
                            26.965,
                            43.625
                        ],
                        [
                            26.957,
                            43.606
                        ],
                        [
                            26.905,
                            43.592
                        ],
                        [
                            26.902,
                            43.607
                        ],
                        [
                            26.894,
                            43.611
                        ],
                        [
                            26.878,
                            43.599
                        ],
                        [
                            26.864,
                            43.579
                        ],
                        [
                            26.87,
                            43.571
                        ],
                        [
                            26.856,
                            43.562
                        ],
                        [
                            26.816,
                            43.561
                        ],
                        [
                            26.796,
                            43.527
                        ],
                        [
                            26.824,
                            43.504
                        ],
                        [
                            26.825,
                            43.504
                        ],
                        [
                            26.807,
                            43.488
                        ],
                        [
                            26.779,
                            43.492
                        ],
                        [
                            26.772,
                            43.489
                        ],
                        [
                            26.76,
                            43.479
                        ],
                        [
                            26.76,
                            43.478
                        ],
                        [
                            26.765,
                            43.464
                        ],
                        [
                            26.76,
                            43.463
                        ],
                        [
                            26.718,
                            43.457
                        ],
                        [
                            26.716,
                            43.455
                        ],
                        [
                            26.744,
                            43.433
                        ],
                        [
                            26.743,
                            43.433
                        ],
                        [
                            26.73,
                            43.41
                        ],
                        [
                            26.729,
                            43.408
                        ],
                        [
                            26.696,
                            43.402
                        ],
                        [
                            26.682,
                            43.404
                        ],
                        [
                            26.682,
                            43.384
                        ],
                        [
                            26.672,
                            43.374
                        ],
                        [
                            26.661,
                            43.368
                        ],
                        [
                            26.646,
                            43.327
                        ],
                        [
                            26.6,
                            43.336
                        ],
                        [
                            26.562,
                            43.346
                        ],
                        [
                            26.545,
                            43.348
                        ],
                        [
                            26.546,
                            43.345
                        ],
                        [
                            26.487,
                            43.349
                        ],
                        [
                            26.487,
                            43.362
                        ],
                        [
                            26.472,
                            43.387
                        ],
                        [
                            26.509,
                            43.387
                        ],
                        [
                            26.477,
                            43.422
                        ],
                        [
                            26.466,
                            43.423
                        ],
                        [
                            26.473,
                            43.438
                        ],
                        [
                            26.469,
                            43.444
                        ],
                        [
                            26.468,
                            43.444
                        ],
                        [
                            26.432,
                            43.447
                        ],
                        [
                            26.378,
                            43.434
                        ],
                        [
                            26.368,
                            43.451
                        ],
                        [
                            26.361,
                            43.463
                        ],
                        [
                            26.375,
                            43.488
                        ],
                        [
                            26.37,
                            43.492
                        ],
                        [
                            26.369,
                            43.496
                        ],
                        [
                            26.367,
                            43.497
                        ],
                        [
                            26.359,
                            43.497
                        ],
                        [
                            26.344,
                            43.501
                        ],
                        [
                            26.31,
                            43.524
                        ],
                        [
                            26.291,
                            43.528
                        ],
                        [
                            26.291,
                            43.529
                        ],
                        [
                            26.266,
                            43.541
                        ],
                        [
                            26.255,
                            43.555
                        ],
                        [
                            26.239,
                            43.55
                        ],
                        [
                            26.22,
                            43.536
                        ],
                        [
                            26.223,
                            43.53
                        ],
                        [
                            26.22,
                            43.529
                        ],
                        [
                            26.222,
                            43.522
                        ],
                        [
                            26.189,
                            43.517
                        ],
                        [
                            26.174,
                            43.517
                        ],
                        [
                            26.137,
                            43.527
                        ],
                        [
                            26.136,
                            43.527
                        ],
                        [
                            26.13,
                            43.525
                        ],
                        [
                            26.129,
                            43.525
                        ],
                        [
                            26.118,
                            43.52
                        ],
                        [
                            26.094,
                            43.524
                        ],
                        [
                            26.056,
                            43.516
                        ],
                        [
                            26.045,
                            43.515
                        ],
                        [
                            26.041,
                            43.5
                        ],
                        [
                            26.033,
                            43.487
                        ],
                        [
                            26.044,
                            43.476
                        ],
                        [
                            26.027,
                            43.457
                        ],
                        [
                            26.029,
                            43.452
                        ],
                        [
                            26.013,
                            43.446
                        ],
                        [
                            25.982,
                            43.407
                        ],
                        [
                            25.945,
                            43.402
                        ],
                        [
                            25.947,
                            43.394
                        ],
                        [
                            25.946,
                            43.389
                        ],
                        [
                            25.945,
                            43.389
                        ],
                        [
                            25.944,
                            43.386
                        ],
                        [
                            25.944,
                            43.384
                        ],
                        [
                            25.948,
                            43.386
                        ],
                        [
                            25.949,
                            43.383
                        ],
                        [
                            25.96,
                            43.37
                        ],
                        [
                            25.989,
                            43.369
                        ],
                        [
                            26.006,
                            43.366
                        ],
                        [
                            26.009,
                            43.363
                        ],
                        [
                            26.008,
                            43.334
                        ],
                        [
                            26.012,
                            43.327
                        ],
                        [
                            26.002,
                            43.324
                        ],
                        [
                            26.005,
                            43.319
                        ],
                        [
                            26.026,
                            43.314
                        ],
                        [
                            26.068,
                            43.309
                        ],
                        [
                            26.068,
                            43.308
                        ],
                        [
                            26.098,
                            43.287
                        ],
                        [
                            26.082,
                            43.27
                        ],
                        [
                            26.081,
                            43.27
                        ],
                        [
                            26.079,
                            43.269
                        ],
                        [
                            26.075,
                            43.269
                        ],
                        [
                            26.055,
                            43.253
                        ],
                        [
                            26.078,
                            43.244
                        ],
                        [
                            26.078,
                            43.245
                        ],
                        [
                            26.082,
                            43.241
                        ],
                        [
                            26.086,
                            43.237
                        ],
                        [
                            26.085,
                            43.234
                        ],
                        [
                            26.084,
                            43.234
                        ],
                        [
                            26.098,
                            43.219
                        ],
                        [
                            26.099,
                            43.219
                        ],
                        [
                            26.098,
                            43.218
                        ],
                        [
                            26.098,
                            43.217
                        ],
                        [
                            26.11,
                            43.211
                        ],
                        [
                            26.117,
                            43.198
                        ],
                        [
                            26.116,
                            43.196
                        ],
                        [
                            26.117,
                            43.194
                        ],
                        [
                            26.116,
                            43.194
                        ],
                        [
                            26.118,
                            43.185
                        ],
                        [
                            26.12,
                            43.18
                        ],
                        [
                            26.115,
                            43.177
                        ],
                        [
                            26.099,
                            43.168
                        ],
                        [
                            26.098,
                            43.168
                        ],
                        [
                            26.089,
                            43.165
                        ],
                        [
                            26.073,
                            43.164
                        ],
                        [
                            26.071,
                            43.152
                        ],
                        [
                            26.072,
                            43.151
                        ],
                        [
                            26.072,
                            43.15
                        ],
                        [
                            26.071,
                            43.15
                        ],
                        [
                            26.065,
                            43.136
                        ],
                        [
                            26.063,
                            43.135
                        ],
                        [
                            26.064,
                            43.116
                        ],
                        [
                            26.074,
                            43.111
                        ],
                        [
                            26.074,
                            43.11
                        ],
                        [
                            26.074,
                            43.107
                        ],
                        [
                            26.064,
                            43.104
                        ],
                        [
                            26.054,
                            43.093
                        ],
                        [
                            26.058,
                            43.089
                        ],
                        [
                            26.058,
                            43.088
                        ],
                        [
                            26.059,
                            43.087
                        ],
                        [
                            26.073,
                            43.075
                        ],
                        [
                            26.077,
                            43.072
                        ],
                        [
                            26.078,
                            43.07
                        ],
                        [
                            26.082,
                            43.066
                        ],
                        [
                            26.082,
                            43.065
                        ],
                        [
                            26.081,
                            43.063
                        ],
                        [
                            26.083,
                            43.044
                        ],
                        [
                            26.096,
                            43.031
                        ],
                        [
                            26.119,
                            43.03
                        ],
                        [
                            26.12,
                            43.03
                        ],
                        [
                            26.125,
                            43.018
                        ],
                        [
                            26.119,
                            43.011
                        ],
                        [
                            26.091,
                            43.005
                        ],
                        [
                            26.076,
                            42.979
                        ],
                        [
                            26.125,
                            42.974
                        ],
                        [
                            26.126,
                            42.974
                        ],
                        [
                            26.128,
                            42.975
                        ],
                        [
                            26.133,
                            42.973
                        ],
                        [
                            26.136,
                            42.966
                        ],
                        [
                            26.136,
                            42.965
                        ],
                        [
                            26.152,
                            42.961
                        ],
                        [
                            26.163,
                            42.96
                        ],
                        [
                            26.163,
                            42.959
                        ],
                        [
                            26.168,
                            42.952
                        ],
                        [
                            26.167,
                            42.952
                        ],
                        [
                            26.171,
                            42.928
                        ],
                        [
                            26.17,
                            42.927
                        ],
                        [
                            26.165,
                            42.916
                        ],
                        [
                            26.16,
                            42.914
                        ],
                        [
                            26.155,
                            42.907
                        ],
                        [
                            26.155,
                            42.906
                        ],
                        [
                            26.148,
                            42.901
                        ],
                        [
                            26.145,
                            42.899
                        ],
                        [
                            26.144,
                            42.899
                        ],
                        [
                            26.141,
                            42.9
                        ],
                        [
                            26.136,
                            42.898
                        ],
                        [
                            26.134,
                            42.897
                        ],
                        [
                            26.133,
                            42.897
                        ],
                        [
                            26.123,
                            42.897
                        ],
                        [
                            26.12,
                            42.897
                        ],
                        [
                            26.116,
                            42.898
                        ],
                        [
                            26.073,
                            42.879
                        ],
                        [
                            26.072,
                            42.879
                        ],
                        [
                            26.05,
                            42.868
                        ],
                        [
                            26.037,
                            42.869
                        ],
                        [
                            26.038,
                            42.867
                        ],
                        [
                            26.04,
                            42.866
                        ],
                        [
                            26.064,
                            42.852
                        ],
                        [
                            26.058,
                            42.83
                        ],
                        [
                            26.059,
                            42.83
                        ],
                        [
                            26.04,
                            42.817
                        ],
                        [
                            25.971,
                            42.785
                        ],
                        [
                            25.968,
                            42.784
                        ],
                        [
                            25.927,
                            42.793
                        ],
                        [
                            25.858,
                            42.783
                        ],
                        [
                            25.857,
                            42.784
                        ],
                        [
                            25.838,
                            42.777
                        ],
                        [
                            25.814,
                            42.783
                        ],
                        [
                            25.766,
                            42.782
                        ],
                        [
                            25.723,
                            42.789
                        ],
                        [
                            25.714,
                            42.804
                        ],
                        [
                            25.73,
                            42.831
                        ],
                        [
                            25.732,
                            42.833
                        ],
                        [
                            25.733,
                            42.833
                        ],
                        [
                            25.733,
                            42.836
                        ],
                        [
                            25.736,
                            42.838
                        ],
                        [
                            25.739,
                            42.841
                        ],
                        [
                            25.739,
                            42.842
                        ],
                        [
                            25.736,
                            42.844
                        ],
                        [
                            25.737,
                            42.844
                        ],
                        [
                            25.737,
                            42.845
                        ],
                        [
                            25.752,
                            42.845
                        ],
                        [
                            25.754,
                            42.847
                        ],
                        [
                            25.751,
                            42.862
                        ],
                        [
                            25.732,
                            42.862
                        ],
                        [
                            25.713,
                            42.886
                        ],
                        [
                            25.711,
                            42.901
                        ],
                        [
                            25.705,
                            42.909
                        ],
                        [
                            25.704,
                            42.91
                        ],
                        [
                            25.693,
                            42.913
                        ],
                        [
                            25.686,
                            42.926
                        ],
                        [
                            25.685,
                            42.926
                        ],
                        [
                            25.727,
                            42.937
                        ],
                        [
                            25.723,
                            42.958
                        ],
                        [
                            25.735,
                            42.969
                        ],
                        [
                            25.736,
                            42.969
                        ],
                        [
                            25.746,
                            42.959
                        ],
                        [
                            25.747,
                            42.959
                        ],
                        [
                            25.756,
                            42.963
                        ],
                        [
                            25.782,
                            42.967
                        ],
                        [
                            25.789,
                            42.97
                        ],
                        [
                            25.79,
                            42.97
                        ],
                        [
                            25.814,
                            42.97
                        ],
                        [
                            25.815,
                            42.97
                        ],
                        [
                            25.819,
                            42.968
                        ],
                        [
                            25.819,
                            42.967
                        ],
                        [
                            25.82,
                            42.967
                        ],
                        [
                            25.82,
                            42.968
                        ],
                        [
                            25.828,
                            42.97
                        ],
                        [
                            25.829,
                            42.97
                        ],
                        [
                            25.832,
                            42.973
                        ],
                        [
                            25.841,
                            42.974
                        ],
                        [
                            25.862,
                            42.985
                        ],
                        [
                            25.861,
                            43.016
                        ],
                        [
                            25.863,
                            43.036
                        ],
                        [
                            25.839,
                            43.047
                        ],
                        [
                            25.827,
                            43.046
                        ],
                        [
                            25.822,
                            43.046
                        ],
                        [
                            25.808,
                            43.046
                        ],
                        [
                            25.808,
                            43.041
                        ],
                        [
                            25.791,
                            43.042
                        ],
                        [
                            25.752,
                            43.049
                        ],
                        [
                            25.731,
                            43.049
                        ],
                        [
                            25.707,
                            43.053
                        ],
                        [
                            25.708,
                            43.054
                        ],
                        [
                            25.714,
                            43.055
                        ],
                        [
                            25.715,
                            43.055
                        ],
                        [
                            25.716,
                            43.06
                        ],
                        [
                            25.708,
                            43.072
                        ],
                        [
                            25.709,
                            43.072
                        ],
                        [
                            25.714,
                            43.073
                        ],
                        [
                            25.698,
                            43.09
                        ],
                        [
                            25.688,
                            43.108
                        ],
                        [
                            25.674,
                            43.108
                        ],
                        [
                            25.663,
                            43.115
                        ],
                        [
                            25.661,
                            43.124
                        ],
                        [
                            25.634,
                            43.12
                        ],
                        [
                            25.633,
                            43.12
                        ],
                        [
                            25.623,
                            43.123
                        ],
                        [
                            25.62,
                            43.133
                        ],
                        [
                            25.62,
                            43.134
                        ],
                        [
                            25.626,
                            43.14
                        ],
                        [
                            25.617,
                            43.165
                        ],
                        [
                            25.609,
                            43.173
                        ],
                        [
                            25.599,
                            43.202
                        ],
                        [
                            25.599,
                            43.203
                        ],
                        [
                            25.602,
                            43.214
                        ],
                        [
                            25.624,
                            43.21
                        ],
                        [
                            25.621,
                            43.246
                        ],
                        [
                            25.607,
                            43.267
                        ],
                        [
                            25.588,
                            43.262
                        ],
                        [
                            25.585,
                            43.262
                        ],
                        [
                            25.537,
                            43.259
                        ]
                    ]
                ]
            },
            "properties": {
                "geography_level_1": "northcentral",
                "is_multi": false,
                "is_clickable": 1
            }
        },
        {
            "type": "Feature",
            "geometry": {
                "type": "Polygon",
                "coordinates": [
                    [
                        [
                            26.73,
                            43.41
                        ],
                        [
                            26.743,
                            43.433
                        ],
                        [
                            26.744,
                            43.433
                        ],
                        [
                            26.716,
                            43.455
                        ],
                        [
                            26.718,
                            43.457
                        ],
                        [
                            26.76,
                            43.463
                        ],
                        [
                            26.765,
                            43.464
                        ],
                        [
                            26.76,
                            43.478
                        ],
                        [
                            26.76,
                            43.479
                        ],
                        [
                            26.772,
                            43.489
                        ],
                        [
                            26.779,
                            43.492
                        ],
                        [
                            26.807,
                            43.488
                        ],
                        [
                            26.825,
                            43.504
                        ],
                        [
                            26.824,
                            43.504
                        ],
                        [
                            26.796,
                            43.527
                        ],
                        [
                            26.816,
                            43.561
                        ],
                        [
                            26.856,
                            43.562
                        ],
                        [
                            26.87,
                            43.571
                        ],
                        [
                            26.864,
                            43.579
                        ],
                        [
                            26.878,
                            43.599
                        ],
                        [
                            26.894,
                            43.611
                        ],
                        [
                            26.902,
                            43.607
                        ],
                        [
                            26.905,
                            43.592
                        ],
                        [
                            26.957,
                            43.606
                        ],
                        [
                            26.965,
                            43.625
                        ],
                        [
                            26.964,
                            43.625
                        ],
                        [
                            26.985,
                            43.649
                        ],
                        [
                            26.986,
                            43.649
                        ],
                        [
                            26.986,
                            43.65
                        ],
                        [
                            27.003,
                            43.654
                        ],
                        [
                            27.029,
                            43.651
                        ],
                        [
                            27.035,
                            43.657
                        ],
                        [
                            27.027,
                            43.667
                        ],
                        [
                            27.027,
                            43.673
                        ],
                        [
                            27.026,
                            43.673
                        ],
                        [
                            27.026,
                            43.676
                        ],
                        [
                            27.002,
                            43.697
                        ],
                        [
                            27.04,
                            43.706
                        ],
                        [
                            27.082,
                            43.719
                        ],
                        [
                            27.13,
                            43.711
                        ],
                        [
                            27.106,
                            43.689
                        ],
                        [
                            27.135,
                            43.675
                        ],
                        [
                            27.152,
                            43.669
                        ],
                        [
                            27.153,
                            43.669
                        ],
                        [
                            27.178,
                            43.679
                        ],
                        [
                            27.18,
                            43.679
                        ],
                        [
                            27.22,
                            43.665
                        ],
                        [
                            27.222,
                            43.692
                        ],
                        [
                            27.221,
                            43.692
                        ],
                        [
                            27.2,
                            43.705
                        ],
                        [
                            27.199,
                            43.705
                        ],
                        [
                            27.209,
                            43.721
                        ],
                        [
                            27.209,
                            43.743
                        ],
                        [
                            27.21,
                            43.743
                        ],
                        [
                            27.222,
                            43.754
                        ],
                        [
                            27.229,
                            43.747
                        ],
                        [
                            27.248,
                            43.77
                        ],
                        [
                            27.258,
                            43.772
                        ],
                        [
                            27.285,
                            43.801
                        ],
                        [
                            27.289,
                            43.799
                        ],
                        [
                            27.293,
                            43.801
                        ],
                        [
                            27.295,
                            43.805
                        ],
                        [
                            27.318,
                            43.804
                        ],
                        [
                            27.317,
                            43.808
                        ],
                        [
                            27.32,
                            43.808
                        ],
                        [
                            27.351,
                            43.807
                        ],
                        [
                            27.357,
                            43.815
                        ],
                        [
                            27.373,
                            43.818
                        ],
                        [
                            27.373,
                            43.816
                        ],
                        [
                            27.395,
                            43.853
                        ],
                        [
                            27.419,
                            43.848
                        ],
                        [
                            27.45,
                            43.87
                        ],
                        [
                            27.45,
                            43.871
                        ],
                        [
                            27.451,
                            43.871
                        ],
                        [
                            27.46,
                            43.86
                        ],
                        [
                            27.464,
                            43.859
                        ],
                        [
                            27.485,
                            43.84
                        ],
                        [
                            27.504,
                            43.84
                        ],
                        [
                            27.504,
                            43.841
                        ],
                        [
                            27.502,
                            43.845
                        ],
                        [
                            27.513,
                            43.85
                        ],
                        [
                            27.514,
                            43.85
                        ],
                        [
                            27.524,
                            43.849
                        ],
                        [
                            27.529,
                            43.875
                        ],
                        [
                            27.53,
                            43.875
                        ],
                        [
                            27.531,
                            43.889
                        ],
                        [
                            27.543,
                            43.918
                        ],
                        [
                            27.546,
                            43.918
                        ],
                        [
                            27.576,
                            43.911
                        ],
                        [
                            27.576,
                            43.91
                        ],
                        [
                            27.596,
                            43.892
                        ],
                        [
                            27.631,
                            43.91
                        ],
                        [
                            27.631,
                            43.918
                        ],
                        [
                            27.636,
                            43.932
                        ],
                        [
                            27.637,
                            43.944
                        ],
                        [
                            27.654,
                            43.951
                        ],
                        [
                            27.653,
                            43.951
                        ],
                        [
                            27.659,
                            43.979
                        ],
                        [
                            27.696,
                            43.987
                        ],
                        [
                            27.724,
                            43.956
                        ],
                        [
                            27.725,
                            43.956
                        ],
                        [
                            27.756,
                            43.958
                        ],
                        [
                            27.819,
                            43.964
                        ],
                        [
                            27.833,
                            43.965
                        ],
                        [
                            27.869,
                            43.981
                        ],
                        [
                            27.917,
                            44.008
                        ],
                        [
                            27.944,
                            43.985
                        ],
                        [
                            27.95,
                            43.958
                        ],
                        [
                            27.974,
                            43.905
                        ],
                        [
                            27.984,
                            43.875
                        ],
                        [
                            27.994,
                            43.843
                        ],
                        [
                            28.033,
                            43.83
                        ],
                        [
                            28.12,
                            43.796
                        ],
                        [
                            28.173,
                            43.779
                        ],
                        [
                            28.22,
                            43.764
                        ],
                        [
                            28.277,
                            43.756
                        ],
                        [
                            28.377,
                            43.747
                        ],
                        [
                            28.446,
                            43.734
                        ],
                        [
                            28.559,
                            43.738
                        ],
                        [
                            28.585626393,
                            43.737892994
                        ],
                        [
                            28.580782894,
                            43.695182145
                        ],
                        [
                            28.565,
                            43.675
                        ],
                        [
                            28.58386512,
                            43.635298892
                        ],
                        [
                            28.58386512,
                            43.597871859
                        ],
                        [
                            28.585626393,
                            43.592147724
                        ],
                        [
                            28.582103848,
                            43.587304226
                        ],
                        [
                            28.595313389,
                            43.581139773
                        ],
                        [
                            28.607,
                            43.543
                        ],
                        [
                            28.603624392,
                            43.521036362
                        ],
                        [
                            28.602826316,
                            43.519550288
                        ],
                        [
                            28.597707619,
                            43.510633848
                        ],
                        [
                            28.590277252,
                            43.498387503
                        ],
                        [
                            28.589011337,
                            43.49679135
                        ],
                        [
                            28.587910542,
                            43.494809919
                        ],
                        [
                            28.586534548,
                            43.492608328
                        ],
                        [
                            28.586,
                            43.492
                        ],
                        [
                            28.586,
                            43.491
                        ],
                        [
                            28.576454078,
                            43.4779312
                        ],
                        [
                            28.575581637,
                            43.475614804
                        ],
                        [
                            28.571,
                            43.473
                        ],
                        [
                            28.571508695,
                            43.471225384
                        ],
                        [
                            28.56826135,
                            43.467207482
                        ],
                        [
                            28.564573686,
                            43.463629898
                        ],
                        [
                            28.559,
                            43.455
                        ],
                        [
                            28.559,
                            43.454
                        ],
                        [
                            28.556,
                            43.449
                        ],
                        [
                            28.555437087,
                            43.446567574
                        ],
                        [
                            28.553565736,
                            43.442824871
                        ],
                        [
                            28.55023583,
                            43.440238002
                        ],
                        [
                            28.547869121,
                            43.437458495
                        ],
                        [
                            28.531742473,
                            43.423313278
                        ],
                        [
                            28.529650962,
                            43.422487681
                        ],
                        [
                            28.528164889,
                            43.421607045
                        ],
                        [
                            28.517762375,
                            43.414782116
                        ],
                        [
                            28.511487843,
                            43.411699889
                        ],
                        [
                            28.506974583,
                            43.410268856
                        ],
                        [
                            28.500810131,
                            43.408397504
                        ],
                        [
                            28.497287587,
                            43.406416073
                        ],
                        [
                            28.475932162,
                            43.381207865
                        ],
                        [
                            28.471528982,
                            43.377575242
                        ],
                        [
                            28.467566119,
                            43.357100453
                        ],
                        [
                            28.440266401,
                            43.378676037
                        ],
                        [
                            28.407682866,
                            43.387042079
                        ],
                        [
                            28.372677583,
                            43.405755596
                        ],
                        [
                            28.357926928,
                            43.407902146
                        ],
                        [
                            28.353468708,
                            43.410323896
                        ],
                        [
                            28.35,
                            43.411
                        ],
                        [
                            28.334645112,
                            43.414341798
                        ],
                        [
                            28.285,
                            43.412
                        ],
                        [
                            28.28,
                            43.413
                        ],
                        [
                            28.253378915,
                            43.404352082
                        ],
                        [
                            28.245067912,
                            43.402398171
                        ],
                        [
                            28.241270169,
                            43.401902813
                        ],
                        [
                            28.237,
                            43.403
                        ],
                        [
                            28.235435955,
                            43.401820254
                        ],
                        [
                            28.233261885,
                            43.401324896
                        ],
                        [
                            28.231,
                            43.404
                        ],
                        [
                            28.231,
                            43.403
                        ],
                        [
                            28.222474093,
                            43.398242669
                        ],
                        [
                            28.207668399,
                            43.397472113
                        ],
                        [
                            28.177451574,
                            43.396096119
                        ],
                        [
                            28.174644546,
                            43.396976755
                        ],
                        [
                            28.172222797,
                            43.39813259
                        ],
                        [
                            28.168865372,
                            43.398848107
                        ],
                        [
                            28.166608742,
                            43.39802251
                        ],
                        [
                            28.165122669,
                            43.395765881
                        ],
                        [
                            28.161159806,
                            43.39598604
                        ],
                        [
                            28.154114718,
                            43.394885244
                        ],
                        [
                            28.14464788,
                            43.395105403
                        ],
                        [
                            28.10876196,
                            43.379694272
                        ],
                        [
                            28.102927746,
                            43.37787796
                        ],
                        [
                            28.082,
                            43.363
                        ],
                        [
                            28.068,
                            43.335
                        ],
                        [
                            28.07067445,
                            43.327901863
                        ],
                        [
                            28.064234799,
                            43.317114071
                        ],
                        [
                            28.056,
                            43.31
                        ],
                        [
                            28.029,
                            43.298
                        ],
                        [
                            28.028,
                            43.298
                        ],
                        [
                            27.992,
                            43.257
                        ],
                        [
                            27.959,
                            43.252
                        ],
                        [
                            27.933,
                            43.25
                        ],
                        [
                            27.916,
                            43.268
                        ],
                        [
                            27.885,
                            43.284
                        ],
                        [
                            27.879,
                            43.271
                        ],
                        [
                            27.87,
                            43.266
                        ],
                        [
                            27.869,
                            43.266
                        ],
                        [
                            27.851,
                            43.272
                        ],
                        [
                            27.833,
                            43.276
                        ],
                        [
                            27.834,
                            43.243
                        ],
                        [
                            27.835,
                            43.229
                        ],
                        [
                            27.805,
                            43.23
                        ],
                        [
                            27.786,
                            43.216
                        ],
                        [
                            27.794,
                            43.19
                        ],
                        [
                            27.747,
                            43.191
                        ],
                        [
                            27.743,
                            43.192
                        ],
                        [
                            27.74,
                            43.187
                        ],
                        [
                            27.736,
                            43.15
                        ],
                        [
                            27.776,
                            43.144
                        ],
                        [
                            27.777,
                            43.144
                        ],
                        [
                            27.798,
                            43.129
                        ],
                        [
                            27.799,
                            43.129
                        ],
                        [
                            27.819,
                            43.139
                        ],
                        [
                            27.849,
                            43.14
                        ],
                        [
                            27.859,
                            43.133
                        ],
                        [
                            27.86,
                            43.132
                        ],
                        [
                            27.864,
                            43.128
                        ],
                        [
                            27.864,
                            43.127
                        ],
                        [
                            27.869,
                            43.121
                        ],
                        [
                            27.883,
                            43.106
                        ],
                        [
                            27.884,
                            43.106
                        ],
                        [
                            27.923,
                            43.106
                        ],
                        [
                            27.924,
                            43.106
                        ],
                        [
                            27.921984553,
                            43.077278342
                        ],
                        [
                            27.896886425,
                            43.036769082
                        ],
                        [
                            27.89,
                            43.023
                        ],
                        [
                            27.896446107,
                            42.979197499
                        ],
                        [
                            27.901,
                            42.947
                        ],
                        [
                            27.910536285,
                            42.926139176
                        ],
                        [
                            27.906463343,
                            42.920965439
                        ],
                        [
                            27.897,
                            42.92
                        ],
                        [
                            27.897,
                            42.918
                        ],
                        [
                            27.897,
                            42.915
                        ],
                        [
                            27.897,
                            42.914
                        ],
                        [
                            27.902,
                            42.887
                        ],
                        [
                            27.903105918,
                            42.852716143
                        ],
                        [
                            27.882686169,
                            42.838020529
                        ],
                        [
                            27.882,
                            42.838
                        ],
                        [
                            27.874,
                            42.841
                        ],
                        [
                            27.865,
                            42.838
                        ],
                        [
                            27.849,
                            42.836
                        ],
                        [
                            27.829,
                            42.829
                        ],
                        [
                            27.829,
                            42.826
                        ],
                        [
                            27.828,
                            42.826
                        ],
                        [
                            27.784,
                            42.832
                        ],
                        [
                            27.783,
                            42.832
                        ],
                        [
                            27.767,
                            42.838
                        ],
                        [
                            27.767,
                            42.839
                        ],
                        [
                            27.721,
                            42.856
                        ],
                        [
                            27.702,
                            42.868
                        ],
                        [
                            27.706,
                            42.873
                        ],
                        [
                            27.703,
                            42.876
                        ],
                        [
                            27.667,
                            42.884
                        ],
                        [
                            27.662,
                            42.885
                        ],
                        [
                            27.646,
                            42.89
                        ],
                        [
                            27.631,
                            42.895
                        ],
                        [
                            27.63,
                            42.895
                        ],
                        [
                            27.622,
                            42.896
                        ],
                        [
                            27.609,
                            42.897
                        ],
                        [
                            27.568,
                            42.889
                        ],
                        [
                            27.568,
                            42.888
                        ],
                        [
                            27.556,
                            42.887
                        ],
                        [
                            27.554,
                            42.887
                        ],
                        [
                            27.551,
                            42.884
                        ],
                        [
                            27.547,
                            42.88
                        ],
                        [
                            27.529,
                            42.875
                        ],
                        [
                            27.513,
                            42.876
                        ],
                        [
                            27.496,
                            42.885
                        ],
                        [
                            27.469,
                            42.892
                        ],
                        [
                            27.441,
                            42.883
                        ],
                        [
                            27.435,
                            42.882
                        ],
                        [
                            27.415,
                            42.889
                        ],
                        [
                            27.415,
                            42.89
                        ],
                        [
                            27.411,
                            42.894
                        ],
                        [
                            27.404,
                            42.904
                        ],
                        [
                            27.373,
                            42.911
                        ],
                        [
                            27.362,
                            42.91
                        ],
                        [
                            27.346,
                            42.927
                        ],
                        [
                            27.323,
                            42.962
                        ],
                        [
                            27.288,
                            42.965
                        ],
                        [
                            27.271,
                            42.979
                        ],
                        [
                            27.271,
                            42.98
                        ],
                        [
                            27.241,
                            42.983
                        ],
                        [
                            27.221,
                            42.984
                        ],
                        [
                            27.198,
                            42.981
                        ],
                        [
                            27.156,
                            42.968
                        ],
                        [
                            27.135,
                            42.957
                        ],
                        [
                            27.11,
                            42.955
                        ],
                        [
                            27.109,
                            42.955
                        ],
                        [
                            27.108,
                            42.955
                        ],
                        [
                            27.103,
                            42.957
                        ],
                        [
                            27.095,
                            42.954
                        ],
                        [
                            27.092,
                            42.953
                        ],
                        [
                            27.091,
                            42.948
                        ],
                        [
                            27.061,
                            42.937
                        ],
                        [
                            27.013,
                            42.927
                        ],
                        [
                            27.006,
                            42.922
                        ],
                        [
                            27.002,
                            42.929
                        ],
                        [
                            26.987,
                            42.947
                        ],
                        [
                            26.986,
                            42.947
                        ],
                        [
                            26.915,
                            42.935
                        ],
                        [
                            26.913,
                            42.935
                        ],
                        [
                            26.898,
                            42.949
                        ],
                        [
                            26.869,
                            42.946
                        ],
                        [
                            26.857,
                            42.94
                        ],
                        [
                            26.819,
                            42.946
                        ],
                        [
                            26.788,
                            42.938
                        ],
                        [
                            26.788,
                            42.937
                        ],
                        [
                            26.784,
                            42.934
                        ],
                        [
                            26.78,
                            42.922
                        ],
                        [
                            26.78,
                            42.921
                        ],
                        [
                            26.76,
                            42.907
                        ],
                        [
                            26.73,
                            42.898
                        ],
                        [
                            26.702,
                            42.905
                        ],
                        [
                            26.664,
                            42.9
                        ],
                        [
                            26.651,
                            42.907
                        ],
                        [
                            26.651,
                            42.908
                        ],
                        [
                            26.669,
                            42.92
                        ],
                        [
                            26.654,
                            42.931
                        ],
                        [
                            26.596,
                            42.927
                        ],
                        [
                            26.591,
                            42.92
                        ],
                        [
                            26.59,
                            42.92
                        ],
                        [
                            26.565,
                            42.927
                        ],
                        [
                            26.559,
                            42.933
                        ],
                        [
                            26.556,
                            42.936
                        ],
                        [
                            26.555,
                            42.953
                        ],
                        [
                            26.569,
                            42.975
                        ],
                        [
                            26.57,
                            42.976
                        ],
                        [
                            26.571,
                            42.976
                        ],
                        [
                            26.576,
                            42.985
                        ],
                        [
                            26.577,
                            42.986
                        ],
                        [
                            26.578,
                            42.986
                        ],
                        [
                            26.546,
                            43.003
                        ],
                        [
                            26.54,
                            43.006
                        ],
                        [
                            26.532,
                            43.011
                        ],
                        [
                            26.531,
                            43.011
                        ],
                        [
                            26.525,
                            43.01
                        ],
                        [
                            26.524,
                            43.01
                        ],
                        [
                            26.524,
                            43.008
                        ],
                        [
                            26.522,
                            43.008
                        ],
                        [
                            26.521,
                            43.007
                        ],
                        [
                            26.521,
                            43.008
                        ],
                        [
                            26.518,
                            43.011
                        ],
                        [
                            26.517,
                            43.011
                        ],
                        [
                            26.516,
                            43.017
                        ],
                        [
                            26.51,
                            43.016
                        ],
                        [
                            26.509,
                            43.016
                        ],
                        [
                            26.504,
                            43.015
                        ],
                        [
                            26.503,
                            43.015
                        ],
                        [
                            26.503,
                            43.014
                        ],
                        [
                            26.504,
                            43.014
                        ],
                        [
                            26.504,
                            43.008
                        ],
                        [
                            26.503,
                            43.008
                        ],
                        [
                            26.491,
                            43.011
                        ],
                        [
                            26.489,
                            43.01
                        ],
                        [
                            26.488,
                            43.011
                        ],
                        [
                            26.488,
                            43.016
                        ],
                        [
                            26.487,
                            43.016
                        ],
                        [
                            26.485,
                            43.014
                        ],
                        [
                            26.484,
                            43.014
                        ],
                        [
                            26.484,
                            43.011
                        ],
                        [
                            26.486,
                            43.005
                        ],
                        [
                            26.473,
                            43.002
                        ],
                        [
                            26.472,
                            43.002
                        ],
                        [
                            26.469,
                            43.002
                        ],
                        [
                            26.444,
                            42.996
                        ],
                        [
                            26.425,
                            43.005
                        ],
                        [
                            26.424,
                            43.005
                        ],
                        [
                            26.423,
                            43.005
                        ],
                        [
                            26.423,
                            43.006
                        ],
                        [
                            26.419,
                            43.007
                        ],
                        [
                            26.414,
                            43.009
                        ],
                        [
                            26.413,
                            43.01
                        ],
                        [
                            26.413,
                            43.011
                        ],
                        [
                            26.413,
                            43.012
                        ],
                        [
                            26.408,
                            43.016
                        ],
                        [
                            26.409,
                            43.016
                        ],
                        [
                            26.407,
                            43.019
                        ],
                        [
                            26.408,
                            43.02
                        ],
                        [
                            26.406,
                            43.024
                        ],
                        [
                            26.405,
                            43.024
                        ],
                        [
                            26.382,
                            43.029
                        ],
                        [
                            26.355,
                            43.017
                        ],
                        [
                            26.359,
                            43.025
                        ],
                        [
                            26.36,
                            43.03
                        ],
                        [
                            26.339,
                            43.036
                        ],
                        [
                            26.338,
                            43.036
                        ],
                        [
                            26.318,
                            43.034
                        ],
                        [
                            26.316,
                            43.032
                        ],
                        [
                            26.316,
                            43.031
                        ],
                        [
                            26.299,
                            43.024
                        ],
                        [
                            26.27,
                            43.016
                        ],
                        [
                            26.269,
                            43.015
                        ],
                        [
                            26.247,
                            43.01
                        ],
                        [
                            26.246,
                            43.01
                        ],
                        [
                            26.247,
                            42.981
                        ],
                        [
                            26.247,
                            42.98
                        ],
                        [
                            26.233,
                            42.966
                        ],
                        [
                            26.209,
                            42.969
                        ],
                        [
                            26.208,
                            42.969
                        ],
                        [
                            26.199,
                            42.973
                        ],
                        [
                            26.188,
                            42.973
                        ],
                        [
                            26.179,
                            42.953
                        ],
                        [
                            26.178,
                            42.953
                        ],
                        [
                            26.178,
                            42.952
                        ],
                        [
                            26.168,
                            42.952
                        ],
                        [
                            26.163,
                            42.959
                        ],
                        [
                            26.163,
                            42.96
                        ],
                        [
                            26.152,
                            42.961
                        ],
                        [
                            26.136,
                            42.965
                        ],
                        [
                            26.136,
                            42.966
                        ],
                        [
                            26.133,
                            42.973
                        ],
                        [
                            26.128,
                            42.975
                        ],
                        [
                            26.126,
                            42.974
                        ],
                        [
                            26.125,
                            42.974
                        ],
                        [
                            26.076,
                            42.979
                        ],
                        [
                            26.091,
                            43.005
                        ],
                        [
                            26.119,
                            43.011
                        ],
                        [
                            26.125,
                            43.018
                        ],
                        [
                            26.12,
                            43.03
                        ],
                        [
                            26.119,
                            43.03
                        ],
                        [
                            26.096,
                            43.031
                        ],
                        [
                            26.083,
                            43.044
                        ],
                        [
                            26.081,
                            43.063
                        ],
                        [
                            26.082,
                            43.065
                        ],
                        [
                            26.082,
                            43.066
                        ],
                        [
                            26.078,
                            43.07
                        ],
                        [
                            26.077,
                            43.072
                        ],
                        [
                            26.073,
                            43.075
                        ],
                        [
                            26.059,
                            43.087
                        ],
                        [
                            26.058,
                            43.088
                        ],
                        [
                            26.058,
                            43.089
                        ],
                        [
                            26.054,
                            43.093
                        ],
                        [
                            26.064,
                            43.104
                        ],
                        [
                            26.074,
                            43.107
                        ],
                        [
                            26.074,
                            43.11
                        ],
                        [
                            26.074,
                            43.111
                        ],
                        [
                            26.064,
                            43.116
                        ],
                        [
                            26.063,
                            43.135
                        ],
                        [
                            26.065,
                            43.136
                        ],
                        [
                            26.071,
                            43.15
                        ],
                        [
                            26.072,
                            43.15
                        ],
                        [
                            26.072,
                            43.151
                        ],
                        [
                            26.071,
                            43.152
                        ],
                        [
                            26.073,
                            43.164
                        ],
                        [
                            26.089,
                            43.165
                        ],
                        [
                            26.098,
                            43.168
                        ],
                        [
                            26.099,
                            43.168
                        ],
                        [
                            26.115,
                            43.177
                        ],
                        [
                            26.12,
                            43.18
                        ],
                        [
                            26.118,
                            43.185
                        ],
                        [
                            26.116,
                            43.194
                        ],
                        [
                            26.117,
                            43.194
                        ],
                        [
                            26.116,
                            43.196
                        ],
                        [
                            26.117,
                            43.198
                        ],
                        [
                            26.11,
                            43.211
                        ],
                        [
                            26.098,
                            43.217
                        ],
                        [
                            26.098,
                            43.218
                        ],
                        [
                            26.099,
                            43.219
                        ],
                        [
                            26.098,
                            43.219
                        ],
                        [
                            26.084,
                            43.234
                        ],
                        [
                            26.085,
                            43.234
                        ],
                        [
                            26.086,
                            43.237
                        ],
                        [
                            26.082,
                            43.241
                        ],
                        [
                            26.078,
                            43.245
                        ],
                        [
                            26.078,
                            43.244
                        ],
                        [
                            26.055,
                            43.253
                        ],
                        [
                            26.075,
                            43.269
                        ],
                        [
                            26.079,
                            43.269
                        ],
                        [
                            26.081,
                            43.27
                        ],
                        [
                            26.082,
                            43.27
                        ],
                        [
                            26.098,
                            43.287
                        ],
                        [
                            26.068,
                            43.308
                        ],
                        [
                            26.068,
                            43.309
                        ],
                        [
                            26.026,
                            43.314
                        ],
                        [
                            26.005,
                            43.319
                        ],
                        [
                            26.002,
                            43.324
                        ],
                        [
                            26.012,
                            43.327
                        ],
                        [
                            26.008,
                            43.334
                        ],
                        [
                            26.009,
                            43.363
                        ],
                        [
                            26.006,
                            43.366
                        ],
                        [
                            25.989,
                            43.369
                        ],
                        [
                            25.96,
                            43.37
                        ],
                        [
                            25.949,
                            43.383
                        ],
                        [
                            25.948,
                            43.386
                        ],
                        [
                            25.944,
                            43.384
                        ],
                        [
                            25.944,
                            43.386
                        ],
                        [
                            25.945,
                            43.389
                        ],
                        [
                            25.946,
                            43.389
                        ],
                        [
                            25.947,
                            43.394
                        ],
                        [
                            25.945,
                            43.402
                        ],
                        [
                            25.982,
                            43.407
                        ],
                        [
                            26.013,
                            43.446
                        ],
                        [
                            26.029,
                            43.452
                        ],
                        [
                            26.027,
                            43.457
                        ],
                        [
                            26.044,
                            43.476
                        ],
                        [
                            26.033,
                            43.487
                        ],
                        [
                            26.041,
                            43.5
                        ],
                        [
                            26.045,
                            43.515
                        ],
                        [
                            26.056,
                            43.516
                        ],
                        [
                            26.094,
                            43.524
                        ],
                        [
                            26.118,
                            43.52
                        ],
                        [
                            26.129,
                            43.525
                        ],
                        [
                            26.13,
                            43.525
                        ],
                        [
                            26.136,
                            43.527
                        ],
                        [
                            26.137,
                            43.527
                        ],
                        [
                            26.174,
                            43.517
                        ],
                        [
                            26.189,
                            43.517
                        ],
                        [
                            26.222,
                            43.522
                        ],
                        [
                            26.22,
                            43.529
                        ],
                        [
                            26.223,
                            43.53
                        ],
                        [
                            26.22,
                            43.536
                        ],
                        [
                            26.239,
                            43.55
                        ],
                        [
                            26.255,
                            43.555
                        ],
                        [
                            26.266,
                            43.541
                        ],
                        [
                            26.291,
                            43.529
                        ],
                        [
                            26.291,
                            43.528
                        ],
                        [
                            26.31,
                            43.524
                        ],
                        [
                            26.344,
                            43.501
                        ],
                        [
                            26.359,
                            43.497
                        ],
                        [
                            26.367,
                            43.497
                        ],
                        [
                            26.369,
                            43.496
                        ],
                        [
                            26.37,
                            43.492
                        ],
                        [
                            26.375,
                            43.488
                        ],
                        [
                            26.361,
                            43.463
                        ],
                        [
                            26.368,
                            43.451
                        ],
                        [
                            26.378,
                            43.434
                        ],
                        [
                            26.432,
                            43.447
                        ],
                        [
                            26.468,
                            43.444
                        ],
                        [
                            26.469,
                            43.444
                        ],
                        [
                            26.473,
                            43.438
                        ],
                        [
                            26.466,
                            43.423
                        ],
                        [
                            26.477,
                            43.422
                        ],
                        [
                            26.509,
                            43.387
                        ],
                        [
                            26.472,
                            43.387
                        ],
                        [
                            26.487,
                            43.362
                        ],
                        [
                            26.487,
                            43.349
                        ],
                        [
                            26.546,
                            43.345
                        ],
                        [
                            26.545,
                            43.348
                        ],
                        [
                            26.562,
                            43.346
                        ],
                        [
                            26.6,
                            43.336
                        ],
                        [
                            26.646,
                            43.327
                        ],
                        [
                            26.661,
                            43.368
                        ],
                        [
                            26.672,
                            43.374
                        ],
                        [
                            26.682,
                            43.384
                        ],
                        [
                            26.682,
                            43.404
                        ],
                        [
                            26.696,
                            43.402
                        ],
                        [
                            26.729,
                            43.408
                        ],
                        [
                            26.73,
                            43.41
                        ]
                    ]
                ]
            },
            "properties": {
                "geography_level_1": "northeastern",
                "is_multi": false,
                "is_clickable": 1
            }
        },
        {
            "type": "Feature",
            "geometry": {
                "type": "Polygon",
                "coordinates": [
                    [
                        [
                            25.91,
                            42.366
                        ],
                        [
                            25.905,
                            42.388
                        ],
                        [
                            25.898,
                            42.42
                        ],
                        [
                            25.879,
                            42.429
                        ],
                        [
                            25.876,
                            42.44
                        ],
                        [
                            25.874,
                            42.446
                        ],
                        [
                            25.883,
                            42.458
                        ],
                        [
                            25.911,
                            42.465
                        ],
                        [
                            25.914,
                            42.473
                        ],
                        [
                            25.905,
                            42.486
                        ],
                        [
                            25.866,
                            42.532
                        ],
                        [
                            25.864,
                            42.533
                        ],
                        [
                            25.864,
                            42.536
                        ],
                        [
                            25.848,
                            42.549
                        ],
                        [
                            25.846,
                            42.556
                        ],
                        [
                            25.845,
                            42.557
                        ],
                        [
                            25.829,
                            42.561
                        ],
                        [
                            25.807,
                            42.552
                        ],
                        [
                            25.796,
                            42.557
                        ],
                        [
                            25.765,
                            42.546
                        ],
                        [
                            25.738,
                            42.538
                        ],
                        [
                            25.717,
                            42.547
                        ],
                        [
                            25.71,
                            42.545
                        ],
                        [
                            25.71,
                            42.546
                        ],
                        [
                            25.705,
                            42.547
                        ],
                        [
                            25.691,
                            42.551
                        ],
                        [
                            25.69,
                            42.551
                        ],
                        [
                            25.688,
                            42.547
                        ],
                        [
                            25.66,
                            42.533
                        ],
                        [
                            25.66,
                            42.532
                        ],
                        [
                            25.66,
                            42.531
                        ],
                        [
                            25.66,
                            42.53
                        ],
                        [
                            25.659,
                            42.527
                        ],
                        [
                            25.658,
                            42.527
                        ],
                        [
                            25.657,
                            42.523
                        ],
                        [
                            25.656,
                            42.523
                        ],
                        [
                            25.619,
                            42.528
                        ],
                        [
                            25.617,
                            42.526
                        ],
                        [
                            25.61,
                            42.526
                        ],
                        [
                            25.61,
                            42.525
                        ],
                        [
                            25.574,
                            42.523
                        ],
                        [
                            25.541,
                            42.51
                        ],
                        [
                            25.54,
                            42.509
                        ],
                        [
                            25.537,
                            42.508
                        ],
                        [
                            25.524,
                            42.496
                        ],
                        [
                            25.523,
                            42.496
                        ],
                        [
                            25.514,
                            42.491
                        ],
                        [
                            25.492,
                            42.488
                        ],
                        [
                            25.468,
                            42.511
                        ],
                        [
                            25.467,
                            42.511
                        ],
                        [
                            25.441,
                            42.512
                        ],
                        [
                            25.42,
                            42.521
                        ],
                        [
                            25.414,
                            42.519
                        ],
                        [
                            25.402,
                            42.519
                        ],
                        [
                            25.381,
                            42.496
                        ],
                        [
                            25.38,
                            42.493
                        ],
                        [
                            25.379,
                            42.493
                        ],
                        [
                            25.379,
                            42.492
                        ],
                        [
                            25.378,
                            42.489
                        ],
                        [
                            25.377,
                            42.489
                        ],
                        [
                            25.376,
                            42.488
                        ],
                        [
                            25.375,
                            42.488
                        ],
                        [
                            25.374,
                            42.488
                        ],
                        [
                            25.373,
                            42.487
                        ],
                        [
                            25.367,
                            42.483
                        ],
                        [
                            25.366,
                            42.483
                        ],
                        [
                            25.335,
                            42.473
                        ],
                        [
                            25.305,
                            42.482
                        ],
                        [
                            25.28,
                            42.479
                        ],
                        [
                            25.285,
                            42.467
                        ],
                        [
                            25.284,
                            42.466
                        ],
                        [
                            25.285,
                            42.462
                        ],
                        [
                            25.302,
                            42.437
                        ],
                        [
                            25.315,
                            42.436
                        ],
                        [
                            25.333,
                            42.431
                        ],
                        [
                            25.334,
                            42.431
                        ],
                        [
                            25.353,
                            42.421
                        ],
                        [
                            25.35,
                            42.418
                        ],
                        [
                            25.363,
                            42.411
                        ],
                        [
                            25.364,
                            42.404
                        ],
                        [
                            25.351,
                            42.384
                        ],
                        [
                            25.351,
                            42.379
                        ],
                        [
                            25.348,
                            42.37
                        ],
                        [
                            25.356,
                            42.368
                        ],
                        [
                            25.358,
                            42.368
                        ],
                        [
                            25.386,
                            42.377
                        ],
                        [
                            25.391,
                            42.378
                        ],
                        [
                            25.392,
                            42.377
                        ],
                        [
                            25.398,
                            42.373
                        ],
                        [
                            25.411,
                            42.366
                        ],
                        [
                            25.457,
                            42.363
                        ],
                        [
                            25.452,
                            42.361
                        ],
                        [
                            25.442,
                            42.355
                        ],
                        [
                            25.438,
                            42.355
                        ],
                        [
                            25.431,
                            42.342
                        ],
                        [
                            25.429,
                            42.338
                        ],
                        [
                            25.421,
                            42.328
                        ],
                        [
                            25.446,
                            42.305
                        ],
                        [
                            25.446,
                            42.304
                        ],
                        [
                            25.464,
                            42.295
                        ],
                        [
                            25.473,
                            42.301
                        ],
                        [
                            25.488,
                            42.308
                        ],
                        [
                            25.487,
                            42.31
                        ],
                        [
                            25.488,
                            42.31
                        ],
                        [
                            25.49,
                            42.315
                        ],
                        [
                            25.511,
                            42.301
                        ],
                        [
                            25.512,
                            42.3
                        ],
                        [
                            25.516,
                            42.281
                        ],
                        [
                            25.515,
                            42.28
                        ],
                        [
                            25.514,
                            42.278
                        ],
                        [
                            25.507,
                            42.266
                        ],
                        [
                            25.5,
                            42.264
                        ],
                        [
                            25.499,
                            42.26
                        ],
                        [
                            25.498,
                            42.253
                        ],
                        [
                            25.462,
                            42.236
                        ],
                        [
                            25.485,
                            42.224
                        ],
                        [
                            25.491,
                            42.204
                        ],
                        [
                            25.492,
                            42.204
                        ],
                        [
                            25.524,
                            42.194
                        ],
                        [
                            25.522,
                            42.181
                        ],
                        [
                            25.562,
                            42.205
                        ],
                        [
                            25.591,
                            42.195
                        ],
                        [
                            25.58,
                            42.173
                        ],
                        [
                            25.569,
                            42.167
                        ],
                        [
                            25.558,
                            42.161
                        ],
                        [
                            25.557,
                            42.16
                        ],
                        [
                            25.55,
                            42.157
                        ],
                        [
                            25.519,
                            42.177
                        ],
                        [
                            25.506,
                            42.174
                        ],
                        [
                            25.505,
                            42.174
                        ],
                        [
                            25.504,
                            42.174
                        ],
                        [
                            25.502,
                            42.173
                        ],
                        [
                            25.499,
                            42.172
                        ],
                        [
                            25.493,
                            42.17
                        ],
                        [
                            25.458,
                            42.155
                        ],
                        [
                            25.466,
                            42.138
                        ],
                        [
                            25.458,
                            42.113
                        ],
                        [
                            25.457,
                            42.112
                        ],
                        [
                            25.451,
                            42.111
                        ],
                        [
                            25.428,
                            42.089
                        ],
                        [
                            25.425,
                            42.09
                        ],
                        [
                            25.424,
                            42.09
                        ],
                        [
                            25.401,
                            42.104
                        ],
                        [
                            25.38,
                            42.105
                        ],
                        [
                            25.348,
                            42.114
                        ],
                        [
                            25.329,
                            42.118
                        ],
                        [
                            25.316,
                            42.148
                        ],
                        [
                            25.294,
                            42.147
                        ],
                        [
                            25.274,
                            42.16
                        ],
                        [
                            25.26,
                            42.184
                        ],
                        [
                            25.217,
                            42.164
                        ],
                        [
                            25.175,
                            42.18
                        ],
                        [
                            25.167,
                            42.18
                        ],
                        [
                            25.161,
                            42.143
                        ],
                        [
                            25.165,
                            42.142
                        ],
                        [
                            25.16,
                            42.139
                        ],
                        [
                            25.146,
                            42.159
                        ],
                        [
                            25.125,
                            42.159
                        ],
                        [
                            25.101,
                            42.176
                        ],
                        [
                            25.09,
                            42.179
                        ],
                        [
                            25.081,
                            42.183
                        ],
                        [
                            25.086,
                            42.223
                        ],
                        [
                            25.085,
                            42.233
                        ],
                        [
                            25.084,
                            42.233
                        ],
                        [
                            25.083,
                            42.255
                        ],
                        [
                            25.099,
                            42.263
                        ],
                        [
                            25.153,
                            42.263
                        ],
                        [
                            25.174,
                            42.271
                        ],
                        [
                            25.155,
                            42.292
                        ],
                        [
                            25.144,
                            42.291
                        ],
                        [
                            25.143,
                            42.291
                        ],
                        [
                            25.126,
                            42.286
                        ],
                        [
                            25.13,
                            42.3
                        ],
                        [
                            25.114,
                            42.343
                        ],
                        [
                            25.122,
                            42.35
                        ],
                        [
                            25.123,
                            42.358
                        ],
                        [
                            25.12,
                            42.365
                        ],
                        [
                            25.123,
                            42.366
                        ],
                        [
                            25.114,
                            42.389
                        ],
                        [
                            25.113,
                            42.397
                        ],
                        [
                            25.114,
                            42.397
                        ],
                        [
                            25.117,
                            42.398
                        ],
                        [
                            25.119,
                            42.409
                        ],
                        [
                            25.131,
                            42.424
                        ],
                        [
                            25.158,
                            42.409
                        ],
                        [
                            25.181,
                            42.397
                        ],
                        [
                            25.182,
                            42.392
                        ],
                        [
                            25.198,
                            42.401
                        ],
                        [
                            25.2,
                            42.422
                        ],
                        [
                            25.165,
                            42.439
                        ],
                        [
                            25.154,
                            42.455
                        ],
                        [
                            25.158,
                            42.459
                        ],
                        [
                            25.178,
                            42.47
                        ],
                        [
                            25.191,
                            42.492
                        ],
                        [
                            25.175,
                            42.498
                        ],
                        [
                            25.154,
                            42.506
                        ],
                        [
                            25.142,
                            42.499
                        ],
                        [
                            25.081,
                            42.494
                        ],
                        [
                            25.037,
                            42.528
                        ],
                        [
                            25.017,
                            42.541
                        ],
                        [
                            25.017,
                            42.56
                        ],
                        [
                            25.009,
                            42.582
                        ],
                        [
                            25.005,
                            42.609
                        ],
                        [
                            25.018,
                            42.635
                        ],
                        [
                            25.017,
                            42.635
                        ],
                        [
                            25.017,
                            42.637
                        ],
                        [
                            25.023,
                            42.659
                        ],
                        [
                            25.022,
                            42.669
                        ],
                        [
                            25.014,
                            42.719
                        ],
                        [
                            25.007,
                            42.737
                        ],
                        [
                            25.007,
                            42.738
                        ],
                        [
                            24.985,
                            42.746
                        ],
                        [
                            24.985,
                            42.747
                        ],
                        [
                            24.982,
                            42.748
                        ],
                        [
                            24.987,
                            42.749
                        ],
                        [
                            24.994,
                            42.752
                        ],
                        [
                            25,
                            42.749
                        ],
                        [
                            25.008,
                            42.748
                        ],
                        [
                            25.007,
                            42.747
                        ],
                        [
                            25.014,
                            42.747
                        ],
                        [
                            25.014,
                            42.748
                        ],
                        [
                            25.015,
                            42.749
                        ],
                        [
                            25.069,
                            42.746
                        ],
                        [
                            25.082,
                            42.745
                        ],
                        [
                            25.083,
                            42.746
                        ],
                        [
                            25.086,
                            42.748
                        ],
                        [
                            25.116,
                            42.758
                        ],
                        [
                            25.135,
                            42.76
                        ],
                        [
                            25.179,
                            42.789
                        ],
                        [
                            25.211,
                            42.779
                        ],
                        [
                            25.213,
                            42.774
                        ],
                        [
                            25.224,
                            42.762
                        ],
                        [
                            25.25,
                            42.743
                        ],
                        [
                            25.264,
                            42.759
                        ],
                        [
                            25.317,
                            42.757
                        ],
                        [
                            25.318,
                            42.757
                        ],
                        [
                            25.327,
                            42.751
                        ],
                        [
                            25.341,
                            42.749
                        ],
                        [
                            25.362,
                            42.736
                        ],
                        [
                            25.372,
                            42.741
                        ],
                        [
                            25.41,
                            42.739
                        ],
                        [
                            25.411,
                            42.739
                        ],
                        [
                            25.434,
                            42.761
                        ],
                        [
                            25.435,
                            42.761
                        ],
                        [
                            25.475,
                            42.755
                        ],
                        [
                            25.486,
                            42.759
                        ],
                        [
                            25.487,
                            42.76
                        ],
                        [
                            25.503,
                            42.766
                        ],
                        [
                            25.537,
                            42.756
                        ],
                        [
                            25.544,
                            42.753
                        ],
                        [
                            25.584,
                            42.758
                        ],
                        [
                            25.612,
                            42.748
                        ],
                        [
                            25.618,
                            42.757
                        ],
                        [
                            25.634,
                            42.758
                        ],
                        [
                            25.604,
                            42.772
                        ],
                        [
                            25.604,
                            42.773
                        ],
                        [
                            25.607,
                            42.779
                        ],
                        [
                            25.607,
                            42.782
                        ],
                        [
                            25.607,
                            42.783
                        ],
                        [
                            25.608,
                            42.783
                        ],
                        [
                            25.609,
                            42.784
                        ],
                        [
                            25.609,
                            42.785
                        ],
                        [
                            25.61,
                            42.785
                        ],
                        [
                            25.615,
                            42.787
                        ],
                        [
                            25.675,
                            42.796
                        ],
                        [
                            25.681,
                            42.807
                        ],
                        [
                            25.714,
                            42.804
                        ],
                        [
                            25.723,
                            42.789
                        ],
                        [
                            25.766,
                            42.782
                        ],
                        [
                            25.814,
                            42.783
                        ],
                        [
                            25.838,
                            42.777
                        ],
                        [
                            25.857,
                            42.784
                        ],
                        [
                            25.858,
                            42.783
                        ],
                        [
                            25.927,
                            42.793
                        ],
                        [
                            25.968,
                            42.784
                        ],
                        [
                            25.971,
                            42.785
                        ],
                        [
                            26.04,
                            42.817
                        ],
                        [
                            26.059,
                            42.83
                        ],
                        [
                            26.058,
                            42.83
                        ],
                        [
                            26.064,
                            42.852
                        ],
                        [
                            26.04,
                            42.866
                        ],
                        [
                            26.038,
                            42.867
                        ],
                        [
                            26.037,
                            42.869
                        ],
                        [
                            26.05,
                            42.868
                        ],
                        [
                            26.072,
                            42.879
                        ],
                        [
                            26.073,
                            42.879
                        ],
                        [
                            26.116,
                            42.898
                        ],
                        [
                            26.12,
                            42.897
                        ],
                        [
                            26.123,
                            42.897
                        ],
                        [
                            26.133,
                            42.897
                        ],
                        [
                            26.134,
                            42.897
                        ],
                        [
                            26.136,
                            42.898
                        ],
                        [
                            26.141,
                            42.9
                        ],
                        [
                            26.144,
                            42.899
                        ],
                        [
                            26.145,
                            42.899
                        ],
                        [
                            26.148,
                            42.901
                        ],
                        [
                            26.155,
                            42.906
                        ],
                        [
                            26.155,
                            42.907
                        ],
                        [
                            26.16,
                            42.914
                        ],
                        [
                            26.165,
                            42.916
                        ],
                        [
                            26.17,
                            42.927
                        ],
                        [
                            26.171,
                            42.928
                        ],
                        [
                            26.167,
                            42.952
                        ],
                        [
                            26.168,
                            42.952
                        ],
                        [
                            26.178,
                            42.952
                        ],
                        [
                            26.178,
                            42.953
                        ],
                        [
                            26.179,
                            42.953
                        ],
                        [
                            26.188,
                            42.973
                        ],
                        [
                            26.199,
                            42.973
                        ],
                        [
                            26.208,
                            42.969
                        ],
                        [
                            26.209,
                            42.969
                        ],
                        [
                            26.233,
                            42.966
                        ],
                        [
                            26.247,
                            42.98
                        ],
                        [
                            26.247,
                            42.981
                        ],
                        [
                            26.246,
                            43.01
                        ],
                        [
                            26.247,
                            43.01
                        ],
                        [
                            26.269,
                            43.015
                        ],
                        [
                            26.27,
                            43.016
                        ],
                        [
                            26.299,
                            43.024
                        ],
                        [
                            26.316,
                            43.031
                        ],
                        [
                            26.316,
                            43.032
                        ],
                        [
                            26.318,
                            43.034
                        ],
                        [
                            26.338,
                            43.036
                        ],
                        [
                            26.339,
                            43.036
                        ],
                        [
                            26.36,
                            43.03
                        ],
                        [
                            26.359,
                            43.025
                        ],
                        [
                            26.355,
                            43.017
                        ],
                        [
                            26.382,
                            43.029
                        ],
                        [
                            26.405,
                            43.024
                        ],
                        [
                            26.406,
                            43.024
                        ],
                        [
                            26.408,
                            43.02
                        ],
                        [
                            26.407,
                            43.019
                        ],
                        [
                            26.409,
                            43.016
                        ],
                        [
                            26.408,
                            43.016
                        ],
                        [
                            26.413,
                            43.012
                        ],
                        [
                            26.413,
                            43.011
                        ],
                        [
                            26.413,
                            43.01
                        ],
                        [
                            26.414,
                            43.009
                        ],
                        [
                            26.419,
                            43.007
                        ],
                        [
                            26.423,
                            43.006
                        ],
                        [
                            26.423,
                            43.005
                        ],
                        [
                            26.424,
                            43.005
                        ],
                        [
                            26.425,
                            43.005
                        ],
                        [
                            26.444,
                            42.996
                        ],
                        [
                            26.469,
                            43.002
                        ],
                        [
                            26.472,
                            43.002
                        ],
                        [
                            26.473,
                            43.002
                        ],
                        [
                            26.486,
                            43.005
                        ],
                        [
                            26.484,
                            43.011
                        ],
                        [
                            26.484,
                            43.014
                        ],
                        [
                            26.485,
                            43.014
                        ],
                        [
                            26.487,
                            43.016
                        ],
                        [
                            26.488,
                            43.016
                        ],
                        [
                            26.488,
                            43.011
                        ],
                        [
                            26.489,
                            43.01
                        ],
                        [
                            26.491,
                            43.011
                        ],
                        [
                            26.503,
                            43.008
                        ],
                        [
                            26.504,
                            43.008
                        ],
                        [
                            26.504,
                            43.014
                        ],
                        [
                            26.503,
                            43.014
                        ],
                        [
                            26.503,
                            43.015
                        ],
                        [
                            26.504,
                            43.015
                        ],
                        [
                            26.509,
                            43.016
                        ],
                        [
                            26.51,
                            43.016
                        ],
                        [
                            26.516,
                            43.017
                        ],
                        [
                            26.517,
                            43.011
                        ],
                        [
                            26.518,
                            43.011
                        ],
                        [
                            26.521,
                            43.008
                        ],
                        [
                            26.521,
                            43.007
                        ],
                        [
                            26.522,
                            43.008
                        ],
                        [
                            26.524,
                            43.008
                        ],
                        [
                            26.524,
                            43.01
                        ],
                        [
                            26.525,
                            43.01
                        ],
                        [
                            26.531,
                            43.011
                        ],
                        [
                            26.532,
                            43.011
                        ],
                        [
                            26.54,
                            43.006
                        ],
                        [
                            26.546,
                            43.003
                        ],
                        [
                            26.578,
                            42.986
                        ],
                        [
                            26.577,
                            42.986
                        ],
                        [
                            26.576,
                            42.985
                        ],
                        [
                            26.571,
                            42.976
                        ],
                        [
                            26.57,
                            42.976
                        ],
                        [
                            26.569,
                            42.975
                        ],
                        [
                            26.555,
                            42.953
                        ],
                        [
                            26.556,
                            42.936
                        ],
                        [
                            26.559,
                            42.933
                        ],
                        [
                            26.565,
                            42.927
                        ],
                        [
                            26.59,
                            42.92
                        ],
                        [
                            26.591,
                            42.92
                        ],
                        [
                            26.596,
                            42.927
                        ],
                        [
                            26.654,
                            42.931
                        ],
                        [
                            26.669,
                            42.92
                        ],
                        [
                            26.651,
                            42.908
                        ],
                        [
                            26.651,
                            42.907
                        ],
                        [
                            26.664,
                            42.9
                        ],
                        [
                            26.702,
                            42.905
                        ],
                        [
                            26.73,
                            42.898
                        ],
                        [
                            26.76,
                            42.907
                        ],
                        [
                            26.78,
                            42.921
                        ],
                        [
                            26.78,
                            42.922
                        ],
                        [
                            26.784,
                            42.934
                        ],
                        [
                            26.788,
                            42.937
                        ],
                        [
                            26.788,
                            42.938
                        ],
                        [
                            26.819,
                            42.946
                        ],
                        [
                            26.857,
                            42.94
                        ],
                        [
                            26.869,
                            42.946
                        ],
                        [
                            26.898,
                            42.949
                        ],
                        [
                            26.913,
                            42.935
                        ],
                        [
                            26.915,
                            42.935
                        ],
                        [
                            26.986,
                            42.947
                        ],
                        [
                            26.987,
                            42.947
                        ],
                        [
                            27.002,
                            42.929
                        ],
                        [
                            27.006,
                            42.922
                        ],
                        [
                            27.013,
                            42.927
                        ],
                        [
                            27.061,
                            42.937
                        ],
                        [
                            27.091,
                            42.948
                        ],
                        [
                            27.092,
                            42.953
                        ],
                        [
                            27.095,
                            42.954
                        ],
                        [
                            27.103,
                            42.957
                        ],
                        [
                            27.108,
                            42.955
                        ],
                        [
                            27.109,
                            42.955
                        ],
                        [
                            27.11,
                            42.955
                        ],
                        [
                            27.135,
                            42.957
                        ],
                        [
                            27.156,
                            42.968
                        ],
                        [
                            27.198,
                            42.981
                        ],
                        [
                            27.221,
                            42.984
                        ],
                        [
                            27.241,
                            42.983
                        ],
                        [
                            27.271,
                            42.98
                        ],
                        [
                            27.271,
                            42.979
                        ],
                        [
                            27.288,
                            42.965
                        ],
                        [
                            27.323,
                            42.962
                        ],
                        [
                            27.346,
                            42.927
                        ],
                        [
                            27.362,
                            42.91
                        ],
                        [
                            27.373,
                            42.911
                        ],
                        [
                            27.404,
                            42.904
                        ],
                        [
                            27.411,
                            42.894
                        ],
                        [
                            27.415,
                            42.89
                        ],
                        [
                            27.415,
                            42.889
                        ],
                        [
                            27.435,
                            42.882
                        ],
                        [
                            27.441,
                            42.883
                        ],
                        [
                            27.469,
                            42.892
                        ],
                        [
                            27.496,
                            42.885
                        ],
                        [
                            27.513,
                            42.876
                        ],
                        [
                            27.529,
                            42.875
                        ],
                        [
                            27.547,
                            42.88
                        ],
                        [
                            27.551,
                            42.884
                        ],
                        [
                            27.554,
                            42.887
                        ],
                        [
                            27.556,
                            42.887
                        ],
                        [
                            27.568,
                            42.888
                        ],
                        [
                            27.568,
                            42.889
                        ],
                        [
                            27.609,
                            42.897
                        ],
                        [
                            27.622,
                            42.896
                        ],
                        [
                            27.63,
                            42.895
                        ],
                        [
                            27.631,
                            42.895
                        ],
                        [
                            27.646,
                            42.89
                        ],
                        [
                            27.662,
                            42.885
                        ],
                        [
                            27.667,
                            42.884
                        ],
                        [
                            27.703,
                            42.876
                        ],
                        [
                            27.706,
                            42.873
                        ],
                        [
                            27.702,
                            42.868
                        ],
                        [
                            27.721,
                            42.856
                        ],
                        [
                            27.767,
                            42.839
                        ],
                        [
                            27.767,
                            42.838
                        ],
                        [
                            27.783,
                            42.832
                        ],
                        [
                            27.784,
                            42.832
                        ],
                        [
                            27.828,
                            42.826
                        ],
                        [
                            27.829,
                            42.826
                        ],
                        [
                            27.829,
                            42.829
                        ],
                        [
                            27.849,
                            42.836
                        ],
                        [
                            27.865,
                            42.838
                        ],
                        [
                            27.874,
                            42.841
                        ],
                        [
                            27.882,
                            42.838
                        ],
                        [
                            27.901,
                            42.772
                        ],
                        [
                            27.906480543,
                            42.748625648
                        ],
                        [
                            27.909562769,
                            42.694026212
                        ],
                        [
                            27.81,
                            42.701
                        ],
                        [
                            27.770330239,
                            42.704908489
                        ],
                        [
                            27.766330239,
                            42.704908489
                        ],
                        [
                            27.763872539,
                            42.705969838
                        ],
                        [
                            27.761836068,
                            42.706740395
                        ],
                        [
                            27.741526399,
                            42.706134957
                        ],
                        [
                            27.728,
                            42.707
                        ],
                        [
                            27.717,
                            42.697
                        ],
                        [
                            27.713566203,
                            42.67646853
                        ],
                        [
                            27.72,
                            42.665
                        ],
                        [
                            27.726445506,
                            42.66083724
                        ],
                        [
                            27.728,
                            42.66
                        ],
                        [
                            27.729472692,
                            42.6606446
                        ],
                        [
                            27.731866922,
                            42.661222518
                        ],
                        [
                            27.737756175,
                            42.66287371
                        ],
                        [
                            27.742049276,
                            42.66075468
                        ],
                        [
                            27.740920961,
                            42.658099012
                        ],
                        [
                            27.737838735,
                            42.656392779
                        ],
                        [
                            27.732967717,
                            42.65399855
                        ],
                        [
                            27.729747891,
                            42.653090394
                        ],
                        [
                            27.727931579,
                            42.653296793
                        ],
                        [
                            27.726940864,
                            42.655071825
                        ],
                        [
                            27.726321666,
                            42.655567183
                        ],
                        [
                            27.717,
                            42.656
                        ],
                        [
                            27.712327809,
                            42.644916991
                        ],
                        [
                            27.702998571,
                            42.646485624
                        ],
                        [
                            27.697467075,
                            42.647146101
                        ],
                        [
                            27.695320525,
                            42.646320504
                        ],
                        [
                            27.6873948,
                            42.642027404
                        ],
                        [
                            27.682688901,
                            42.637899422
                        ],
                        [
                            27.680212112,
                            42.637156385
                        ],
                        [
                            27.677983002,
                            42.635340073
                        ],
                        [
                            27.672946865,
                            42.634597037
                        ],
                        [
                            27.66716769,
                            42.636248229
                        ],
                        [
                            27.667,
                            42.639
                        ],
                        [
                            27.66,
                            42.639
                        ],
                        [
                            27.654,
                            42.636
                        ],
                        [
                            27.65,
                            42.639
                        ],
                        [
                            27.649,
                            42.639
                        ],
                        [
                            27.647,
                            42.638
                        ],
                        [
                            27.635,
                            42.625
                        ],
                        [
                            27.633,
                            42.58
                        ],
                        [
                            27.64,
                            42.567
                        ],
                        [
                            27.643,
                            42.564
                        ],
                        [
                            27.644,
                            42.562
                        ],
                        [
                            27.645,
                            42.562
                        ],
                        [
                            27.645,
                            42.561
                        ],
                        [
                            27.649,
                            42.557
                        ],
                        [
                            27.651,
                            42.555
                        ],
                        [
                            27.649,
                            42.554
                        ],
                        [
                            27.647,
                            42.553
                        ],
                        [
                            27.645,
                            42.553
                        ],
                        [
                            27.642,
                            42.553
                        ],
                        [
                            27.64,
                            42.556
                        ],
                        [
                            27.622213971,
                            42.56219224
                        ],
                        [
                            27.611811457,
                            42.562605038
                        ],
                        [
                            27.60908699,
                            42.561820721
                        ],
                        [
                            27.608178834,
                            42.560706166
                        ],
                        [
                            27.606321242,
                            42.559302653
                        ],
                        [
                            27.603431655,
                            42.556309866
                        ],
                        [
                            27.596001288,
                            42.559612251
                        ],
                        [
                            27.591460508,
                            42.562708237
                        ],
                        [
                            27.587291247,
                            42.562873357
                        ],
                        [
                            27.583741183,
                            42.561222164
                        ],
                        [
                            27.576888733,
                            42.554204595
                        ],
                        [
                            27.552781321,
                            42.54863182
                        ],
                        [
                            27.542,
                            42.558
                        ],
                        [
                            27.54,
                            42.559
                        ],
                        [
                            27.537,
                            42.575
                        ],
                        [
                            27.509,
                            42.585
                        ],
                        [
                            27.522,
                            42.595
                        ],
                        [
                            27.507,
                            42.639
                        ],
                        [
                            27.506,
                            42.64
                        ],
                        [
                            27.507,
                            42.64
                        ],
                        [
                            27.519,
                            42.645
                        ],
                        [
                            27.515,
                            42.664
                        ],
                        [
                            27.494,
                            42.684
                        ],
                        [
                            27.497,
                            42.703
                        ],
                        [
                            27.483,
                            42.707
                        ],
                        [
                            27.482,
                            42.707
                        ],
                        [
                            27.48,
                            42.707
                        ],
                        [
                            27.432,
                            42.712
                        ],
                        [
                            27.412,
                            42.707
                        ],
                        [
                            27.411,
                            42.701
                        ],
                        [
                            27.41,
                            42.701
                        ],
                        [
                            27.409,
                            42.698
                        ],
                        [
                            27.424,
                            42.681
                        ],
                        [
                            27.425,
                            42.68
                        ],
                        [
                            27.414,
                            42.67
                        ],
                        [
                            27.413,
                            42.67
                        ],
                        [
                            27.402,
                            42.663
                        ],
                        [
                            27.394,
                            42.658
                        ],
                        [
                            27.389,
                            42.66
                        ],
                        [
                            27.362,
                            42.666
                        ],
                        [
                            27.361,
                            42.665
                        ],
                        [
                            27.361,
                            42.658
                        ],
                        [
                            27.361,
                            42.656
                        ],
                        [
                            27.361,
                            42.655
                        ],
                        [
                            27.355,
                            42.643
                        ],
                        [
                            27.308,
                            42.641
                        ],
                        [
                            27.307,
                            42.641
                        ],
                        [
                            27.305,
                            42.647
                        ],
                        [
                            27.27,
                            42.654
                        ],
                        [
                            27.275,
                            42.639
                        ],
                        [
                            27.265,
                            42.62
                        ],
                        [
                            27.235,
                            42.611
                        ],
                        [
                            27.239,
                            42.606
                        ],
                        [
                            27.24,
                            42.606
                        ],
                        [
                            27.263,
                            42.592
                        ],
                        [
                            27.283,
                            42.6
                        ],
                        [
                            27.335,
                            42.589
                        ],
                        [
                            27.368,
                            42.565
                        ],
                        [
                            27.36,
                            42.55
                        ],
                        [
                            27.32,
                            42.52
                        ],
                        [
                            27.295,
                            42.521
                        ],
                        [
                            27.285,
                            42.527
                        ],
                        [
                            27.285,
                            42.528
                        ],
                        [
                            27.281,
                            42.53
                        ],
                        [
                            27.267,
                            42.534
                        ],
                        [
                            27.251,
                            42.548
                        ],
                        [
                            27.25,
                            42.548
                        ],
                        [
                            27.211,
                            42.549
                        ],
                        [
                            27.216,
                            42.532
                        ],
                        [
                            27.218,
                            42.531
                        ],
                        [
                            27.219,
                            42.53
                        ],
                        [
                            27.219,
                            42.529
                        ],
                        [
                            27.22,
                            42.526
                        ],
                        [
                            27.22,
                            42.524
                        ],
                        [
                            27.221,
                            42.521
                        ],
                        [
                            27.222,
                            42.521
                        ],
                        [
                            27.224,
                            42.519
                        ],
                        [
                            27.225,
                            42.519
                        ],
                        [
                            27.218,
                            42.511
                        ],
                        [
                            27.241,
                            42.49
                        ],
                        [
                            27.256,
                            42.481
                        ],
                        [
                            27.26,
                            42.481
                        ],
                        [
                            27.287,
                            42.487
                        ],
                        [
                            27.318,
                            42.494
                        ],
                        [
                            27.332,
                            42.469
                        ],
                        [
                            27.333,
                            42.469
                        ],
                        [
                            27.345,
                            42.472
                        ],
                        [
                            27.372,
                            42.442
                        ],
                        [
                            27.376,
                            42.437
                        ],
                        [
                            27.376,
                            42.436
                        ],
                        [
                            27.386,
                            42.423
                        ],
                        [
                            27.357,
                            42.411
                        ],
                        [
                            27.361,
                            42.403
                        ],
                        [
                            27.388,
                            42.395
                        ],
                        [
                            27.405,
                            42.385
                        ],
                        [
                            27.415,
                            42.386
                        ],
                        [
                            27.432,
                            42.383
                        ],
                        [
                            27.432,
                            42.381
                        ],
                        [
                            27.45,
                            42.304
                        ],
                        [
                            27.447,
                            42.296
                        ],
                        [
                            27.497,
                            42.309
                        ],
                        [
                            27.502,
                            42.324
                        ],
                        [
                            27.509,
                            42.355
                        ],
                        [
                            27.5,
                            42.371
                        ],
                        [
                            27.499,
                            42.375
                        ],
                        [
                            27.5,
                            42.376
                        ],
                        [
                            27.53,
                            42.384
                        ],
                        [
                            27.536,
                            42.412
                        ],
                        [
                            27.551,
                            42.42
                        ],
                        [
                            27.56,
                            42.435
                        ],
                        [
                            27.57,
                            42.446
                        ],
                        [
                            27.574824742,
                            42.453399285
                        ],
                        [
                            27.582213829,
                            42.464008198
                        ],
                        [
                            27.587084848,
                            42.464090757
                        ],
                        [
                            27.590304673,
                            42.46136629
                        ],
                        [
                            27.592781462,
                            42.459302299
                        ],
                        [
                            27.612182976,
                            42.454266161
                        ],
                        [
                            27.62923154,
                            42.459962776
                        ],
                        [
                            27.631749608,
                            42.458187744
                        ],
                        [
                            27.632926083,
                            42.45447256
                        ],
                        [
                            27.634,
                            42.454
                        ],
                        [
                            27.634763035,
                            42.453254806
                        ],
                        [
                            27.635444152,
                            42.452553049
                        ],
                        [
                            27.640088131,
                            42.450922496
                        ],
                        [
                            27.651790959,
                            42.45236729
                        ],
                        [
                            27.652306957,
                            42.448569547
                        ],
                        [
                            27.652451436,
                            42.444978203
                        ],
                        [
                            27.652100558,
                            42.444235166
                        ],
                        [
                            27.652926154,
                            42.443058691
                        ],
                        [
                            27.651047922,
                            42.438352792
                        ],
                        [
                            27.654185188,
                            42.436371361
                        ],
                        [
                            27.656744537,
                            42.43207826
                        ],
                        [
                            27.651,
                            42.417
                        ],
                        [
                            27.675,
                            42.409
                        ],
                        [
                            27.678664119,
                            42.41866232
                        ],
                        [
                            27.68081067,
                            42.421221669
                        ],
                        [
                            27.682626981,
                            42.423450779
                        ],
                        [
                            27.685516569,
                            42.42543221
                        ],
                        [
                            27.697652834,
                            42.42997299
                        ],
                        [
                            27.703514568,
                            42.423781017
                        ],
                        [
                            27.703927366,
                            42.421551907
                        ],
                        [
                            27.704505284,
                            42.419240238
                        ],
                        [
                            27.706734394,
                            42.415112256
                        ],
                        [
                            27.709,
                            42.409
                        ],
                        [
                            27.70974782,
                            42.409126683
                        ],
                        [
                            27.710371518,
                            42.408825596
                        ],
                        [
                            27.71201821,
                            42.409910999
                        ],
                        [
                            27.713297885,
                            42.408713884
                        ],
                        [
                            27.716187472,
                            42.40966332
                        ],
                        [
                            27.718519781,
                            42.410468277
                        ],
                        [
                            27.721182329,
                            42.410550836
                        ],
                        [
                            27.724,
                            42.41
                        ],
                        [
                            27.725,
                            42.41
                        ],
                        [
                            27.729851091,
                            42.410633396
                        ],
                        [
                            27.729397013,
                            42.408032768
                        ],
                        [
                            27.728633336,
                            42.406938852
                        ],
                        [
                            27.728984215,
                            42.406278375
                        ],
                        [
                            27.729892371,
                            42.40528766
                        ],
                        [
                            27.728426937,
                            42.403512628
                        ],
                        [
                            27.725991428,
                            42.400561121
                        ],
                        [
                            27.722028566,
                            42.399322726
                        ],
                        [
                            27.721,
                            42.4
                        ],
                        [
                            27.72,
                            42.4
                        ],
                        [
                            27.710243178,
                            42.391190603
                        ],
                        [
                            27.713710683,
                            42.383842795
                        ],
                        [
                            27.715444435,
                            42.38276952
                        ],
                        [
                            27.72095529,
                            42.380994488
                        ],
                        [
                            27.72322568,
                            42.380024412
                        ],
                        [
                            27.724567274,
                            42.379240096
                        ],
                        [
                            27.723700398,
                            42.376887146
                        ],
                        [
                            27.722028566,
                            42.374946995
                        ],
                        [
                            27.720872731,
                            42.373213243
                        ],
                        [
                            27.718313382,
                            42.370488775
                        ],
                        [
                            27.736620981,
                            42.339941711
                        ],
                        [
                            27.729,
                            42.338
                        ],
                        [
                            27.72995429,
                            42.338187319
                        ],
                        [
                            27.733,
                            42.337
                        ],
                        [
                            27.754330022,
                            42.335359652
                        ],
                        [
                            27.757797526,
                            42.336102688
                        ],
                        [
                            27.766218608,
                            42.337506202
                        ],
                        [
                            27.768943076,
                            42.33800156
                        ],
                        [
                            27.7725757,
                            42.338166679
                        ],
                        [
                            27.776621122,
                            42.338331799
                        ],
                        [
                            27.780914223,
                            42.337919
                        ],
                        [
                            27.785042204,
                            42.337093404
                        ],
                        [
                            27.787766672,
                            42.335194533
                        ],
                        [
                            27.787023636,
                            42.332635184
                        ],
                        [
                            27.786528278,
                            42.330653753
                        ],
                        [
                            27.785702682,
                            42.32900256
                        ],
                        [
                            27.785455003,
                            42.325452496
                        ],
                        [
                            27.784629406,
                            42.323058267
                        ],
                        [
                            27.784629406,
                            42.320994276
                        ],
                        [
                            27.787274532,
                            42.318330239
                        ],
                        [
                            27.79940758,
                            42.312036556
                        ],
                        [
                            27.796600553,
                            42.305266666
                        ],
                        [
                            27.768,
                            42.292
                        ],
                        [
                            27.767,
                            42.292
                        ],
                        [
                            27.765310453,
                            42.285947712
                        ],
                        [
                            27.764484856,
                            42.284461639
                        ],
                        [
                            27.763329021,
                            42.283470923
                        ],
                        [
                            27.762833664,
                            42.278517345
                        ],
                        [
                            27.768943076,
                            42.263656612
                        ],
                        [
                            27.773401296,
                            42.246319089
                        ],
                        [
                            27.778437434,
                            42.244007419
                        ],
                        [
                            27.785124764,
                            42.239879438
                        ],
                        [
                            27.78615676,
                            42.233604906
                        ],
                        [
                            27.778,
                            42.226
                        ],
                        [
                            27.782193897,
                            42.226917576
                        ],
                        [
                            27.814804952,
                            42.21465747
                        ],
                        [
                            27.819841089,
                            42.211850443
                        ],
                        [
                            27.825455144,
                            42.209373654
                        ],
                        [
                            27.827849373,
                            42.204089837
                        ],
                        [
                            27.839572841,
                            42.198393223
                        ],
                        [
                            27.851956786,
                            42.184275526
                        ],
                        [
                            27.855176612,
                            42.17890915
                        ],
                        [
                            27.855504642,
                            42.174990716
                        ],
                        [
                            27.857323162,
                            42.175813164
                        ],
                        [
                            27.859634832,
                            42.175689324
                        ],
                        [
                            27.860625547,
                            42.173336375
                        ],
                        [
                            27.862483139,
                            42.171520063
                        ],
                        [
                            27.862400579,
                            42.168960714
                        ],
                        [
                            27.864,
                            42.162
                        ],
                        [
                            27.870862942,
                            42.164874012
                        ],
                        [
                            27.874990923,
                            42.164708893
                        ],
                        [
                            27.876064198,
                            42.164585054
                        ],
                        [
                            27.87783923,
                            42.164296095
                        ],
                        [
                            27.878334588,
                            42.161984425
                        ],
                        [
                            27.880976496,
                            42.160168113
                        ],
                        [
                            27.885434717,
                            42.154884297
                        ],
                        [
                            27.891048772,
                            42.149435361
                        ],
                        [
                            27.898314019,
                            42.144151545
                        ],
                        [
                            27.900997207,
                            42.139693325
                        ],
                        [
                            27.901410005,
                            42.137216536
                        ],
                        [
                            27.906074624,
                            42.133377513
                        ],
                        [
                            27.907588218,
                            42.131616241
                        ],
                        [
                            27.910009967,
                            42.130845684
                        ],
                        [
                            27.912431716,
                            42.129414651
                        ],
                        [
                            27.915513942,
                            42.123910675
                        ],
                        [
                            27.916614737,
                            42.121378846
                        ],
                        [
                            27.928833563,
                            42.112132168
                        ],
                        [
                            27.944795092,
                            42.106077795
                        ],
                        [
                            27.948537795,
                            42.104316523
                        ],
                        [
                            27.949308352,
                            42.101894773
                        ],
                        [
                            27.950959544,
                            42.101014137
                        ],
                        [
                            27.952390578,
                            42.099362945
                        ],
                        [
                            27.953711532,
                            42.097051275
                        ],
                        [
                            27.954977446,
                            42.093033373
                        ],
                        [
                            27.956,
                            42.091
                        ],
                        [
                            27.956,
                            42.089
                        ],
                        [
                            27.957,
                            42.086
                        ],
                        [
                            27.959,
                            42.085
                        ],
                        [
                            27.966315636,
                            42.082906058
                        ],
                        [
                            27.967416431,
                            42.080924627
                        ],
                        [
                            27.970883935,
                            42.076961765
                        ],
                        [
                            27.972755287,
                            42.07360434
                        ],
                        [
                            27.972920406,
                            42.071567869
                        ],
                        [
                            27.99003777,
                            42.064908058
                        ],
                        [
                            27.991964161,
                            42.063477025
                        ],
                        [
                            27.993230076,
                            42.061275435
                        ],
                        [
                            27.994000632,
                            42.052744273
                        ],
                        [
                            27.993725433,
                            42.049772126
                        ],
                        [
                            27.994606069,
                            42.047460456
                        ],
                        [
                            27.998018534,
                            42.046414701
                        ],
                        [
                            28.001596118,
                            42.044075511
                        ],
                        [
                            28.002476754,
                            42.043277435
                        ],
                        [
                            28.003797708,
                            42.042671998
                        ],
                        [
                            28.004,
                            42.042
                        ],
                        [
                            28.004760904,
                            42.040814406
                        ],
                        [
                            28.004815944,
                            42.040264008
                        ],
                        [
                            28.005476421,
                            42.038832975
                        ],
                        [
                            28.00561402,
                            42.038089938
                        ],
                        [
                            28.005338822,
                            42.037319382
                        ],
                        [
                            28.006550398,
                            42.035596153
                        ],
                        [
                            28.007430332,
                            42.035172831
                        ],
                        [
                            28.008641207,
                            42.034484834
                        ],
                        [
                            28.011750953,
                            42.031925486
                        ],
                        [
                            28.013594785,
                            42.030384372
                        ],
                        [
                            28.014255262,
                            42.029421177
                        ],
                        [
                            28.015273497,
                            42.02867814
                        ],
                        [
                            28.017365008,
                            42.027990143
                        ],
                        [
                            28.018809801,
                            42.019128743
                        ],
                        [
                            28.018,
                            42.016
                        ],
                        [
                            28.019305159,
                            42.01527596
                        ],
                        [
                            28.020405954,
                            42.013294529
                        ],
                        [
                            28.020295875,
                            42.012468932
                        ],
                        [
                            28.021231551,
                            42.011753416
                        ],
                        [
                            28.021506749,
                            42.010570061
                        ],
                        [
                            28.022965303,
                            42.009799504
                        ],
                        [
                            28.023405621,
                            42.007818073
                        ],
                        [
                            28.024726575,
                            42.004845926
                        ],
                        [
                            28.036064764,
                            41.994058135
                        ],
                        [
                            28.035,
                            41.983
                        ],
                        [
                            27.929,
                            41.977
                        ],
                        [
                            27.922,
                            41.983
                        ],
                        [
                            27.86,
                            42.006
                        ],
                        [
                            27.859,
                            42.004
                        ],
                        [
                            27.828,
                            41.998
                        ],
                        [
                            27.814,
                            41.954
                        ],
                        [
                            27.785,
                            41.964
                        ],
                        [
                            27.695,
                            41.978
                        ],
                        [
                            27.682,
                            41.964
                        ],
                        [
                            27.638,
                            41.959
                        ],
                        [
                            27.611,
                            41.938
                        ],
                        [
                            27.574,
                            41.937
                        ],
                        [
                            27.565,
                            41.919
                        ],
                        [
                            27.54,
                            41.916
                        ],
                        [
                            27.531,
                            41.934
                        ],
                        [
                            27.502,
                            41.954
                        ],
                        [
                            27.446,
                            41.968
                        ],
                        [
                            27.433,
                            41.991
                        ],
                        [
                            27.432,
                            41.991
                        ],
                        [
                            27.394,
                            42.005
                        ],
                        [
                            27.364,
                            42.058
                        ],
                        [
                            27.329,
                            42.072
                        ],
                        [
                            27.326,
                            42.08
                        ],
                        [
                            27.274,
                            42.099
                        ],
                        [
                            27.273,
                            42.099
                        ],
                        [
                            27.273,
                            42.102
                        ],
                        [
                            27.222,
                            42.099
                        ],
                        [
                            27.217,
                            42.085
                        ],
                        [
                            27.162,
                            42.065
                        ],
                        [
                            27.133,
                            42.066
                        ],
                        [
                            27.112,
                            42.084
                        ],
                        [
                            27.06,
                            42.088
                        ],
                        [
                            27.059,
                            42.088
                        ],
                        [
                            27.022,
                            42.074
                        ],
                        [
                            27.028,
                            42.063
                        ],
                        [
                            26.966,
                            41.997
                        ],
                        [
                            26.951,
                            42
                        ],
                        [
                            26.949,
                            42
                        ],
                        [
                            26.931,
                            42.001
                        ],
                        [
                            26.883,
                            41.988
                        ],
                        [
                            26.882,
                            41.989
                        ],
                        [
                            26.828,
                            41.973
                        ],
                        [
                            26.787,
                            41.99
                        ],
                        [
                            26.756,
                            41.966
                        ],
                        [
                            26.701,
                            41.966
                        ],
                        [
                            26.679,
                            41.97
                        ],
                        [
                            26.622,
                            41.979
                        ],
                        [
                            26.619,
                            41.966
                        ],
                        [
                            26.562,
                            41.926
                        ],
                        [
                            26.561,
                            41.926
                        ],
                        [
                            26.561,
                            41.927
                        ],
                        [
                            26.51,
                            41.988
                        ],
                        [
                            26.508,
                            42
                        ],
                        [
                            26.509,
                            42.001
                        ],
                        [
                            26.535,
                            42.028
                        ],
                        [
                            26.533,
                            42.032
                        ],
                        [
                            26.534,
                            42.047
                        ],
                        [
                            26.51,
                            42.075
                        ],
                        [
                            26.506,
                            42.098
                        ],
                        [
                            26.534,
                            42.136
                        ],
                        [
                            26.531,
                            42.141
                        ],
                        [
                            26.534,
                            42.145
                        ],
                        [
                            26.538,
                            42.154
                        ],
                        [
                            26.495,
                            42.146
                        ],
                        [
                            26.495,
                            42.157
                        ],
                        [
                            26.497,
                            42.16
                        ],
                        [
                            26.497,
                            42.165
                        ],
                        [
                            26.496,
                            42.165
                        ],
                        [
                            26.492,
                            42.17
                        ],
                        [
                            26.489,
                            42.171
                        ],
                        [
                            26.49,
                            42.165
                        ],
                        [
                            26.469,
                            42.153
                        ],
                        [
                            26.448,
                            42.171
                        ],
                        [
                            26.413,
                            42.152
                        ],
                        [
                            26.394,
                            42.16
                        ],
                        [
                            26.372,
                            42.171
                        ],
                        [
                            26.372,
                            42.17
                        ],
                        [
                            26.363,
                            42.161
                        ],
                        [
                            26.354,
                            42.162
                        ],
                        [
                            26.341,
                            42.164
                        ],
                        [
                            26.341,
                            42.163
                        ],
                        [
                            26.342,
                            42.162
                        ],
                        [
                            26.34,
                            42.163
                        ],
                        [
                            26.31,
                            42.174
                        ],
                        [
                            26.305,
                            42.175
                        ],
                        [
                            26.291,
                            42.176
                        ],
                        [
                            26.242,
                            42.192
                        ],
                        [
                            26.241,
                            42.193
                        ],
                        [
                            26.219,
                            42.187
                        ],
                        [
                            26.219,
                            42.188
                        ],
                        [
                            26.193,
                            42.208
                        ],
                        [
                            26.174,
                            42.194
                        ],
                        [
                            26.167,
                            42.193
                        ],
                        [
                            26.168,
                            42.172
                        ],
                        [
                            26.146,
                            42.157
                        ],
                        [
                            26.138,
                            42.155
                        ],
                        [
                            26.132,
                            42.128
                        ],
                        [
                            26.129,
                            42.124
                        ],
                        [
                            26.133,
                            42.1
                        ],
                        [
                            26.134,
                            42.099
                        ],
                        [
                            26.14,
                            42.096
                        ],
                        [
                            26.156,
                            42.065
                        ],
                        [
                            26.155,
                            42.065
                        ],
                        [
                            26.153,
                            42.044
                        ],
                        [
                            26.151,
                            42.038
                        ],
                        [
                            26.149,
                            42.037
                        ],
                        [
                            26.114,
                            42.038
                        ],
                        [
                            26.113,
                            42.038
                        ],
                        [
                            26.078,
                            42.029
                        ],
                        [
                            26.058,
                            42.018
                        ],
                        [
                            26.027,
                            42.031
                        ],
                        [
                            26.02,
                            42.04
                        ],
                        [
                            26.017,
                            42.062
                        ],
                        [
                            25.999,
                            42.076
                        ],
                        [
                            25.977,
                            42.096
                        ],
                        [
                            25.936,
                            42.106
                        ],
                        [
                            25.915,
                            42.113
                        ],
                        [
                            25.906,
                            42.123
                        ],
                        [
                            25.878,
                            42.114
                        ],
                        [
                            25.873,
                            42.12
                        ],
                        [
                            25.873,
                            42.121
                        ],
                        [
                            25.872,
                            42.121
                        ],
                        [
                            25.85,
                            42.122
                        ],
                        [
                            25.841,
                            42.109
                        ],
                        [
                            25.848,
                            42.102
                        ],
                        [
                            25.835,
                            42.085
                        ],
                        [
                            25.81,
                            42.081
                        ],
                        [
                            25.806,
                            42.083
                        ],
                        [
                            25.781,
                            42.058
                        ],
                        [
                            25.772,
                            42.054
                        ],
                        [
                            25.771,
                            42.053
                        ],
                        [
                            25.758,
                            42.057
                        ],
                        [
                            25.759,
                            42.06
                        ],
                        [
                            25.763,
                            42.064
                        ],
                        [
                            25.763,
                            42.065
                        ],
                        [
                            25.759,
                            42.067
                        ],
                        [
                            25.744,
                            42.068
                        ],
                        [
                            25.732,
                            42.077
                        ],
                        [
                            25.73,
                            42.079
                        ],
                        [
                            25.733,
                            42.082
                        ],
                        [
                            25.727,
                            42.09
                        ],
                        [
                            25.726,
                            42.093
                        ],
                        [
                            25.722,
                            42.098
                        ],
                        [
                            25.705,
                            42.121
                        ],
                        [
                            25.707,
                            42.123
                        ],
                        [
                            25.707,
                            42.124
                        ],
                        [
                            25.706,
                            42.129
                        ],
                        [
                            25.665,
                            42.145
                        ],
                        [
                            25.665,
                            42.144
                        ],
                        [
                            25.664,
                            42.139
                        ],
                        [
                            25.663,
                            42.139
                        ],
                        [
                            25.641,
                            42.129
                        ],
                        [
                            25.64,
                            42.129
                        ],
                        [
                            25.638,
                            42.124
                        ],
                        [
                            25.637,
                            42.123
                        ],
                        [
                            25.626,
                            42.127
                        ],
                        [
                            25.618,
                            42.141
                        ],
                        [
                            25.63,
                            42.181
                        ],
                        [
                            25.609,
                            42.201
                        ],
                        [
                            25.613,
                            42.21
                        ],
                        [
                            25.611,
                            42.211
                        ],
                        [
                            25.61,
                            42.211
                        ],
                        [
                            25.616,
                            42.223
                        ],
                        [
                            25.619,
                            42.228
                        ],
                        [
                            25.63,
                            42.233
                        ],
                        [
                            25.638,
                            42.249
                        ],
                        [
                            25.628,
                            42.266
                        ],
                        [
                            25.659,
                            42.298
                        ],
                        [
                            25.71,
                            42.287
                        ],
                        [
                            25.711,
                            42.286
                        ],
                        [
                            25.719,
                            42.279
                        ],
                        [
                            25.753,
                            42.275
                        ],
                        [
                            25.765,
                            42.283
                        ],
                        [
                            25.737,
                            42.309
                        ],
                        [
                            25.708,
                            42.305
                        ],
                        [
                            25.687,
                            42.328
                        ],
                        [
                            25.684,
                            42.333
                        ],
                        [
                            25.699,
                            42.348
                        ],
                        [
                            25.702,
                            42.349
                        ],
                        [
                            25.713,
                            42.359
                        ],
                        [
                            25.725,
                            42.36
                        ],
                        [
                            25.736,
                            42.373
                        ],
                        [
                            25.767,
                            42.377
                        ],
                        [
                            25.78,
                            42.372
                        ],
                        [
                            25.785,
                            42.378
                        ],
                        [
                            25.798,
                            42.386
                        ],
                        [
                            25.798,
                            42.387
                        ],
                        [
                            25.839,
                            42.393
                        ],
                        [
                            25.875,
                            42.358
                        ],
                        [
                            25.89,
                            42.352
                        ],
                        [
                            25.891,
                            42.352
                        ],
                        [
                            25.9,
                            42.367
                        ],
                        [
                            25.909,
                            42.366
                        ],
                        [
                            25.91,
                            42.366
                        ]
                    ]
                ]
            },
            "properties": {
                "geography_level_1": "southeastern",
                "is_multi": false,
                "is_clickable": 1
            }
        },
        {
            "type": "Feature",
            "geometry": {
                "type": "Polygon",
                "coordinates": [
                    [
                        [
                            23.035,
                            42.047
                        ],
                        [
                            23.056,
                            42.042
                        ],
                        [
                            23.078,
                            42.049
                        ],
                        [
                            23.089,
                            42.056
                        ],
                        [
                            23.09,
                            42.056
                        ],
                        [
                            23.119,
                            42.06
                        ],
                        [
                            23.151,
                            42.077
                        ],
                        [
                            23.152,
                            42.077
                        ],
                        [
                            23.157,
                            42.078
                        ],
                        [
                            23.171,
                            42.082
                        ],
                        [
                            23.18,
                            42.091
                        ],
                        [
                            23.203,
                            42.095
                        ],
                        [
                            23.225,
                            42.092
                        ],
                        [
                            23.247,
                            42.09
                        ],
                        [
                            23.308,
                            42.08
                        ],
                        [
                            23.32,
                            42.067
                        ],
                        [
                            23.39,
                            42.061
                        ],
                        [
                            23.408,
                            42.053
                        ],
                        [
                            23.443,
                            42.061
                        ],
                        [
                            23.442,
                            42.04
                        ],
                        [
                            23.408,
                            42.009
                        ],
                        [
                            23.397,
                            42.001
                        ],
                        [
                            23.378,
                            42.001
                        ],
                        [
                            23.366,
                            41.977
                        ],
                        [
                            23.297,
                            41.995
                        ],
                        [
                            23.281,
                            42.013
                        ],
                        [
                            23.267,
                            42.018
                        ],
                        [
                            23.266,
                            42.018
                        ],
                        [
                            23.265,
                            42.018
                        ],
                        [
                            23.229,
                            41.996
                        ],
                        [
                            23.224,
                            41.993
                        ],
                        [
                            23.223,
                            41.993
                        ],
                        [
                            23.196,
                            41.967
                        ],
                        [
                            23.196,
                            41.966
                        ],
                        [
                            23.183,
                            41.962
                        ],
                        [
                            23.182,
                            41.962
                        ],
                        [
                            23.153,
                            41.956
                        ],
                        [
                            23.135,
                            41.938
                        ],
                        [
                            23.112,
                            41.934
                        ],
                        [
                            23.112,
                            41.936
                        ],
                        [
                            23.112,
                            41.937
                        ],
                        [
                            23.104,
                            41.956
                        ],
                        [
                            23.088,
                            41.962
                        ],
                        [
                            23.088,
                            41.961
                        ],
                        [
                            23.061,
                            41.963
                        ],
                        [
                            23.051,
                            41.961
                        ],
                        [
                            23.035,
                            41.953
                        ],
                        [
                            23.035,
                            41.952
                        ],
                        [
                            23.035,
                            41.951
                        ],
                        [
                            23.035,
                            41.932
                        ],
                        [
                            23.037,
                            41.91
                        ],
                        [
                            23.037,
                            41.909
                        ],
                        [
                            23.023,
                            41.895
                        ],
                        [
                            23.02,
                            41.883
                        ],
                        [
                            23.014,
                            41.866
                        ],
                        [
                            23.011,
                            41.862
                        ],
                        [
                            22.996,
                            41.86
                        ],
                        [
                            22.977,
                            41.847
                        ],
                        [
                            22.977,
                            41.846
                        ],
                        [
                            22.977,
                            41.845
                        ],
                        [
                            22.97,
                            41.846
                        ],
                        [
                            22.964,
                            41.843
                        ],
                        [
                            22.957,
                            41.846
                        ],
                        [
                            22.937,
                            41.847
                        ],
                        [
                            22.926,
                            41.864
                        ],
                        [
                            22.901,
                            41.878
                        ],
                        [
                            22.901,
                            41.893
                        ],
                        [
                            22.891,
                            41.92
                        ],
                        [
                            22.874,
                            41.936
                        ],
                        [
                            22.875,
                            41.978
                        ],
                        [
                            22.867,
                            42.022
                        ],
                        [
                            22.896,
                            42.031
                        ],
                        [
                            22.897,
                            42.031
                        ],
                        [
                            22.908,
                            42.047
                        ],
                        [
                            22.912,
                            42.048
                        ],
                        [
                            22.913,
                            42.049
                        ],
                        [
                            22.913,
                            42.05
                        ],
                        [
                            22.9,
                            42.065
                        ],
                        [
                            22.957,
                            42.093
                        ],
                        [
                            22.958,
                            42.091
                        ],
                        [
                            22.958,
                            42.09
                        ],
                        [
                            22.959,
                            42.087
                        ],
                        [
                            22.959,
                            42.083
                        ],
                        [
                            22.978,
                            42.066
                        ],
                        [
                            23.028,
                            42.067
                        ],
                        [
                            23.028,
                            42.062
                        ],
                        [
                            23.035,
                            42.047
                        ]
                    ]
                ]
            },
            "properties": {
                "geography_level_1": "blagoevgrad",
                "is_multi": false,
                "is_clickable": 1
            }
        },
        {
            "type": "Feature",
            "geometry": {
                "type": "Polygon",
                "coordinates": [
                    [
                        [
                            23.338,
                            42.865
                        ],
                        [
                            23.363,
                            42.852
                        ],
                        [
                            23.364,
                            42.852
                        ],
                        [
                            23.367,
                            42.852
                        ],
                        [
                            23.412,
                            42.853
                        ],
                        [
                            23.414,
                            42.856
                        ],
                        [
                            23.421,
                            42.858
                        ],
                        [
                            23.422,
                            42.858
                        ],
                        [
                            23.435,
                            42.861
                        ],
                        [
                            23.435,
                            42.862
                        ],
                        [
                            23.441,
                            42.869
                        ],
                        [
                            23.45,
                            42.872
                        ],
                        [
                            23.45,
                            42.871
                        ],
                        [
                            23.465,
                            42.863
                        ],
                        [
                            23.466,
                            42.867
                        ],
                        [
                            23.48,
                            42.873
                        ],
                        [
                            23.482,
                            42.87
                        ],
                        [
                            23.496,
                            42.859
                        ],
                        [
                            23.497,
                            42.859
                        ],
                        [
                            23.523,
                            42.856
                        ],
                        [
                            23.525,
                            42.853
                        ],
                        [
                            23.525,
                            42.852
                        ],
                        [
                            23.534,
                            42.842
                        ],
                        [
                            23.534,
                            42.84
                        ],
                        [
                            23.536,
                            42.838
                        ],
                        [
                            23.537,
                            42.838
                        ],
                        [
                            23.566,
                            42.831
                        ],
                        [
                            23.567,
                            42.834
                        ],
                        [
                            23.568,
                            42.835
                        ],
                        [
                            23.61,
                            42.861
                        ],
                        [
                            23.621,
                            42.856
                        ],
                        [
                            23.622,
                            42.856
                        ],
                        [
                            23.636,
                            42.839
                        ],
                        [
                            23.666,
                            42.84
                        ],
                        [
                            23.677,
                            42.844
                        ],
                        [
                            23.678,
                            42.835
                        ],
                        [
                            23.679,
                            42.835
                        ],
                        [
                            23.679,
                            42.834
                        ],
                        [
                            23.648,
                            42.803
                        ],
                        [
                            23.646,
                            42.776
                        ],
                        [
                            23.62,
                            42.76
                        ],
                        [
                            23.6,
                            42.716
                        ],
                        [
                            23.594,
                            42.71
                        ],
                        [
                            23.58,
                            42.71
                        ],
                        [
                            23.58,
                            42.708
                        ],
                        [
                            23.548,
                            42.704
                        ],
                        [
                            23.543,
                            42.681
                        ],
                        [
                            23.52,
                            42.684
                        ],
                        [
                            23.497,
                            42.675
                        ],
                        [
                            23.494,
                            42.67
                        ],
                        [
                            23.496,
                            42.65
                        ],
                        [
                            23.534,
                            42.637
                        ],
                        [
                            23.537,
                            42.624
                        ],
                        [
                            23.543,
                            42.624
                        ],
                        [
                            23.543,
                            42.623
                        ],
                        [
                            23.559,
                            42.616
                        ],
                        [
                            23.555,
                            42.587
                        ],
                        [
                            23.566,
                            42.567
                        ],
                        [
                            23.552,
                            42.551
                        ],
                        [
                            23.552,
                            42.55
                        ],
                        [
                            23.561,
                            42.531
                        ],
                        [
                            23.592,
                            42.503
                        ],
                        [
                            23.625,
                            42.503
                        ],
                        [
                            23.66,
                            42.456
                        ],
                        [
                            23.662,
                            42.422
                        ],
                        [
                            23.653,
                            42.421
                        ],
                        [
                            23.652,
                            42.421
                        ],
                        [
                            23.632,
                            42.416
                        ],
                        [
                            23.614,
                            42.413
                        ],
                        [
                            23.559,
                            42.42
                        ],
                        [
                            23.545,
                            42.414
                        ],
                        [
                            23.544,
                            42.414
                        ],
                        [
                            23.538,
                            42.423
                        ],
                        [
                            23.537,
                            42.423
                        ],
                        [
                            23.533,
                            42.439
                        ],
                        [
                            23.538,
                            42.472
                        ],
                        [
                            23.536,
                            42.474
                        ],
                        [
                            23.537,
                            42.479
                        ],
                        [
                            23.523,
                            42.49
                        ],
                        [
                            23.519,
                            42.492
                        ],
                        [
                            23.518,
                            42.494
                        ],
                        [
                            23.51,
                            42.507
                        ],
                        [
                            23.509,
                            42.512
                        ],
                        [
                            23.448,
                            42.525
                        ],
                        [
                            23.425,
                            42.511
                        ],
                        [
                            23.441,
                            42.496
                        ],
                        [
                            23.44,
                            42.496
                        ],
                        [
                            23.44,
                            42.495
                        ],
                        [
                            23.444,
                            42.488
                        ],
                        [
                            23.447,
                            42.483
                        ],
                        [
                            23.448,
                            42.482
                        ],
                        [
                            23.425,
                            42.473
                        ],
                        [
                            23.414,
                            42.464
                        ],
                        [
                            23.413,
                            42.464
                        ],
                        [
                            23.409,
                            42.47
                        ],
                        [
                            23.407,
                            42.472
                        ],
                        [
                            23.391,
                            42.481
                        ],
                        [
                            23.391,
                            42.482
                        ],
                        [
                            23.382,
                            42.489
                        ],
                        [
                            23.381,
                            42.49
                        ],
                        [
                            23.331,
                            42.508
                        ],
                        [
                            23.33,
                            42.509
                        ],
                        [
                            23.292,
                            42.533
                        ],
                        [
                            23.3,
                            42.544
                        ],
                        [
                            23.3,
                            42.545
                        ],
                        [
                            23.285,
                            42.562
                        ],
                        [
                            23.241,
                            42.571
                        ],
                        [
                            23.24,
                            42.571
                        ],
                        [
                            23.213,
                            42.586
                        ],
                        [
                            23.212,
                            42.586
                        ],
                        [
                            23.21,
                            42.585
                        ],
                        [
                            23.188,
                            42.591
                        ],
                        [
                            23.149,
                            42.588
                        ],
                        [
                            23.147,
                            42.587
                        ],
                        [
                            23.145,
                            42.587
                        ],
                        [
                            23.144,
                            42.587
                        ],
                        [
                            23.139,
                            42.592
                        ],
                        [
                            23.147,
                            42.598
                        ],
                        [
                            23.173,
                            42.616
                        ],
                        [
                            23.171,
                            42.618
                        ],
                        [
                            23.167,
                            42.634
                        ],
                        [
                            23.173,
                            42.649
                        ],
                        [
                            23.168,
                            42.658
                        ],
                        [
                            23.146,
                            42.664
                        ],
                        [
                            23.146,
                            42.665
                        ],
                        [
                            23.144,
                            42.667
                        ],
                        [
                            23.143,
                            42.667
                        ],
                        [
                            23.117,
                            42.67
                        ],
                        [
                            23.11,
                            42.675
                        ],
                        [
                            23.105,
                            42.694
                        ],
                        [
                            23.075,
                            42.694
                        ],
                        [
                            23.065,
                            42.698
                        ],
                        [
                            23.063,
                            42.698
                        ],
                        [
                            23.062,
                            42.698
                        ],
                        [
                            23.055,
                            42.699
                        ],
                        [
                            23.054,
                            42.699
                        ],
                        [
                            23.056,
                            42.711
                        ],
                        [
                            23.056,
                            42.713
                        ],
                        [
                            23.071,
                            42.725
                        ],
                        [
                            23.072,
                            42.725
                        ],
                        [
                            23.077,
                            42.734
                        ],
                        [
                            23.089,
                            42.737
                        ],
                        [
                            23.089,
                            42.736
                        ],
                        [
                            23.09,
                            42.735
                        ],
                        [
                            23.098,
                            42.737
                        ],
                        [
                            23.13,
                            42.738
                        ],
                        [
                            23.145,
                            42.737
                        ],
                        [
                            23.146,
                            42.737
                        ],
                        [
                            23.158,
                            42.726
                        ],
                        [
                            23.197,
                            42.728
                        ],
                        [
                            23.212,
                            42.745
                        ],
                        [
                            23.207,
                            42.767
                        ],
                        [
                            23.201,
                            42.771
                        ],
                        [
                            23.203,
                            42.776
                        ],
                        [
                            23.21,
                            42.784
                        ],
                        [
                            23.222,
                            42.786
                        ],
                        [
                            23.251,
                            42.797
                        ],
                        [
                            23.251,
                            42.798
                        ],
                        [
                            23.242,
                            42.818
                        ],
                        [
                            23.247,
                            42.822
                        ],
                        [
                            23.254,
                            42.835
                        ],
                        [
                            23.25,
                            42.853
                        ],
                        [
                            23.247,
                            42.866
                        ],
                        [
                            23.247,
                            42.867
                        ],
                        [
                            23.248,
                            42.867
                        ],
                        [
                            23.274,
                            42.895
                        ],
                        [
                            23.293,
                            42.89
                        ],
                        [
                            23.294,
                            42.89
                        ],
                        [
                            23.306,
                            42.882
                        ],
                        [
                            23.307,
                            42.882
                        ],
                        [
                            23.33,
                            42.872
                        ],
                        [
                            23.337,
                            42.867
                        ],
                        [
                            23.338,
                            42.865
                        ]
                    ]
                ]
            },
            "properties": {
                "geography_level_1": "sofia",
                "is_multi": false,
                "is_clickable": 1
            }
        },
        {
            "type": "Feature",
            "geometry": {
                "type": "MultiPolygon",
                "coordinates": [
                    [
                        [
                            [
                                25.661,
                                43.124
                            ],
                            [
                                25.663,
                                43.115
                            ],
                            [
                                25.674,
                                43.108
                            ],
                            [
                                25.688,
                                43.108
                            ],
                            [
                                25.698,
                                43.09
                            ],
                            [
                                25.714,
                                43.073
                            ],
                            [
                                25.709,
                                43.072
                            ],
                            [
                                25.708,
                                43.072
                            ],
                            [
                                25.716,
                                43.06
                            ],
                            [
                                25.715,
                                43.055
                            ],
                            [
                                25.714,
                                43.055
                            ],
                            [
                                25.708,
                                43.054
                            ],
                            [
                                25.707,
                                43.053
                            ],
                            [
                                25.731,
                                43.049
                            ],
                            [
                                25.752,
                                43.049
                            ],
                            [
                                25.791,
                                43.042
                            ],
                            [
                                25.808,
                                43.041
                            ],
                            [
                                25.808,
                                43.046
                            ],
                            [
                                25.822,
                                43.046
                            ],
                            [
                                25.827,
                                43.046
                            ],
                            [
                                25.839,
                                43.047
                            ],
                            [
                                25.863,
                                43.036
                            ],
                            [
                                25.861,
                                43.016
                            ],
                            [
                                25.862,
                                42.985
                            ],
                            [
                                25.841,
                                42.974
                            ],
                            [
                                25.832,
                                42.973
                            ],
                            [
                                25.829,
                                42.97
                            ],
                            [
                                25.828,
                                42.97
                            ],
                            [
                                25.82,
                                42.968
                            ],
                            [
                                25.82,
                                42.967
                            ],
                            [
                                25.819,
                                42.967
                            ],
                            [
                                25.819,
                                42.968
                            ],
                            [
                                25.815,
                                42.97
                            ],
                            [
                                25.814,
                                42.97
                            ],
                            [
                                25.79,
                                42.97
                            ],
                            [
                                25.789,
                                42.97
                            ],
                            [
                                25.782,
                                42.967
                            ],
                            [
                                25.756,
                                42.963
                            ],
                            [
                                25.747,
                                42.959
                            ],
                            [
                                25.746,
                                42.959
                            ],
                            [
                                25.736,
                                42.969
                            ],
                            [
                                25.735,
                                42.969
                            ],
                            [
                                25.723,
                                42.958
                            ],
                            [
                                25.727,
                                42.937
                            ],
                            [
                                25.685,
                                42.926
                            ],
                            [
                                25.686,
                                42.926
                            ],
                            [
                                25.693,
                                42.913
                            ],
                            [
                                25.704,
                                42.91
                            ],
                            [
                                25.705,
                                42.909
                            ],
                            [
                                25.711,
                                42.901
                            ],
                            [
                                25.713,
                                42.886
                            ],
                            [
                                25.732,
                                42.862
                            ],
                            [
                                25.751,
                                42.862
                            ],
                            [
                                25.754,
                                42.847
                            ],
                            [
                                25.752,
                                42.845
                            ],
                            [
                                25.737,
                                42.845
                            ],
                            [
                                25.737,
                                42.844
                            ],
                            [
                                25.736,
                                42.844
                            ],
                            [
                                25.739,
                                42.842
                            ],
                            [
                                25.739,
                                42.841
                            ],
                            [
                                25.736,
                                42.838
                            ],
                            [
                                25.733,
                                42.836
                            ],
                            [
                                25.733,
                                42.833
                            ],
                            [
                                25.732,
                                42.833
                            ],
                            [
                                25.73,
                                42.831
                            ],
                            [
                                25.714,
                                42.804
                            ],
                            [
                                25.681,
                                42.807
                            ],
                            [
                                25.675,
                                42.796
                            ],
                            [
                                25.615,
                                42.787
                            ],
                            [
                                25.592,
                                42.821
                            ],
                            [
                                25.598,
                                42.828
                            ],
                            [
                                25.613,
                                42.838
                            ],
                            [
                                25.612,
                                42.839
                            ],
                            [
                                25.611,
                                42.844
                            ],
                            [
                                25.607,
                                42.87
                            ],
                            [
                                25.598,
                                42.888
                            ],
                            [
                                25.603,
                                42.893
                            ],
                            [
                                25.62,
                                42.901
                            ],
                            [
                                25.621,
                                42.901
                            ],
                            [
                                25.617,
                                42.908
                            ],
                            [
                                25.616,
                                42.91
                            ],
                            [
                                25.615,
                                42.91
                            ],
                            [
                                25.614,
                                42.91
                            ],
                            [
                                25.613,
                                42.91
                            ],
                            [
                                25.6,
                                42.912
                            ],
                            [
                                25.579,
                                42.913
                            ],
                            [
                                25.578,
                                42.913
                            ],
                            [
                                25.563,
                                42.911
                            ],
                            [
                                25.564,
                                42.917
                            ],
                            [
                                25.563,
                                42.92
                            ],
                            [
                                25.564,
                                42.927
                            ],
                            [
                                25.559,
                                42.927
                            ],
                            [
                                25.558,
                                42.927
                            ],
                            [
                                25.558,
                                42.946
                            ],
                            [
                                25.555,
                                42.949
                            ],
                            [
                                25.556,
                                42.957
                            ],
                            [
                                25.556,
                                42.958
                            ],
                            [
                                25.556,
                                42.959
                            ],
                            [
                                25.555,
                                42.959
                            ],
                            [
                                25.566,
                                42.98
                            ],
                            [
                                25.568,
                                42.988
                            ],
                            [
                                25.578,
                                42.992
                            ],
                            [
                                25.579,
                                42.995
                            ],
                            [
                                25.578,
                                42.997
                            ],
                            [
                                25.595,
                                43.019
                            ],
                            [
                                25.587,
                                43.021
                            ],
                            [
                                25.586,
                                43.021
                            ],
                            [
                                25.552,
                                43.03
                            ],
                            [
                                25.552,
                                43.031
                            ],
                            [
                                25.553,
                                43.031
                            ],
                            [
                                25.548,
                                43.035
                            ],
                            [
                                25.548,
                                43.036
                            ],
                            [
                                25.537,
                                43.042
                            ],
                            [
                                25.537,
                                43.041
                            ],
                            [
                                25.511,
                                43.037
                            ],
                            [
                                25.505,
                                43.037
                            ],
                            [
                                25.495,
                                43.039
                            ],
                            [
                                25.493,
                                43.039
                            ],
                            [
                                25.492,
                                43.039
                            ],
                            [
                                25.472,
                                43.053
                            ],
                            [
                                25.471,
                                43.056
                            ],
                            [
                                25.472,
                                43.056
                            ],
                            [
                                25.472,
                                43.057
                            ],
                            [
                                25.457,
                                43.054
                            ],
                            [
                                25.45,
                                43.053
                            ],
                            [
                                25.442,
                                43.049
                            ],
                            [
                                25.441,
                                43.048
                            ],
                            [
                                25.417,
                                43.042
                            ],
                            [
                                25.416,
                                43.042
                            ],
                            [
                                25.414,
                                43.041
                            ],
                            [
                                25.414,
                                43.042
                            ],
                            [
                                25.407,
                                43.042
                            ],
                            [
                                25.406,
                                43.042
                            ],
                            [
                                25.406,
                                43.043
                            ],
                            [
                                25.397,
                                43.044
                            ],
                            [
                                25.396,
                                43.044
                            ],
                            [
                                25.388,
                                43.048
                            ],
                            [
                                25.385,
                                43.055
                            ],
                            [
                                25.381,
                                43.053
                            ],
                            [
                                25.369,
                                43.052
                            ],
                            [
                                25.348,
                                43.053
                            ],
                            [
                                25.305,
                                43.057
                            ],
                            [
                                25.304,
                                43.057
                            ],
                            [
                                25.304,
                                43.06
                            ],
                            [
                                25.305,
                                43.068
                            ],
                            [
                                25.308,
                                43.101
                            ],
                            [
                                25.307,
                                43.101
                            ],
                            [
                                25.307,
                                43.102
                            ],
                            [
                                25.3,
                                43.107
                            ],
                            [
                                25.301,
                                43.11
                            ],
                            [
                                25.32,
                                43.123
                            ],
                            [
                                25.326,
                                43.133
                            ],
                            [
                                25.327,
                                43.133
                            ],
                            [
                                25.343,
                                43.141
                            ],
                            [
                                25.344,
                                43.141
                            ],
                            [
                                25.344,
                                43.142
                            ],
                            [
                                25.354,
                                43.145
                            ],
                            [
                                25.355,
                                43.147
                            ],
                            [
                                25.39,
                                43.144
                            ],
                            [
                                25.394,
                                43.143
                            ],
                            [
                                25.387,
                                43.121
                            ],
                            [
                                25.394,
                                43.12
                            ],
                            [
                                25.437,
                                43.133
                            ],
                            [
                                25.437,
                                43.134
                            ],
                            [
                                25.446,
                                43.135
                            ],
                            [
                                25.453,
                                43.134
                            ],
                            [
                                25.443,
                                43.145
                            ],
                            [
                                25.45,
                                43.161
                            ],
                            [
                                25.434,
                                43.179
                            ],
                            [
                                25.453,
                                43.195
                            ],
                            [
                                25.45,
                                43.234
                            ],
                            [
                                25.437,
                                43.238
                            ],
                            [
                                25.446,
                                43.247
                            ],
                            [
                                25.486,
                                43.237
                            ],
                            [
                                25.529,
                                43.234
                            ],
                            [
                                25.537,
                                43.259
                            ],
                            [
                                25.585,
                                43.262
                            ],
                            [
                                25.588,
                                43.262
                            ],
                            [
                                25.607,
                                43.267
                            ],
                            [
                                25.621,
                                43.246
                            ],
                            [
                                25.624,
                                43.21
                            ],
                            [
                                25.602,
                                43.214
                            ],
                            [
                                25.599,
                                43.203
                            ],
                            [
                                25.599,
                                43.202
                            ],
                            [
                                25.609,
                                43.173
                            ],
                            [
                                25.617,
                                43.165
                            ],
                            [
                                25.626,
                                43.14
                            ],
                            [
                                25.62,
                                43.134
                            ],
                            [
                                25.62,
                                43.133
                            ],
                            [
                                25.623,
                                43.123
                            ],
                            [
                                25.633,
                                43.12
                            ],
                            [
                                25.634,
                                43.12
                            ],
                            [
                                25.661,
                                43.124
                            ]
                        ]
                    ]
                ]
            },
            "properties": {
                "geography_level_1": "veliko_tarnovo",
                "is_multi": true,
                "is_clickable": 1
            }
        },
        {
            "type": "Feature",
            "geometry": {
                "type": "Polygon",
                "coordinates": [
                    [
                        [
                            25.516,
                            42.281
                        ],
                        [
                            25.512,
                            42.3
                        ],
                        [
                            25.511,
                            42.301
                        ],
                        [
                            25.49,
                            42.315
                        ],
                        [
                            25.488,
                            42.31
                        ],
                        [
                            25.487,
                            42.31
                        ],
                        [
                            25.488,
                            42.308
                        ],
                        [
                            25.473,
                            42.301
                        ],
                        [
                            25.464,
                            42.295
                        ],
                        [
                            25.446,
                            42.304
                        ],
                        [
                            25.446,
                            42.305
                        ],
                        [
                            25.421,
                            42.328
                        ],
                        [
                            25.429,
                            42.338
                        ],
                        [
                            25.431,
                            42.342
                        ],
                        [
                            25.438,
                            42.355
                        ],
                        [
                            25.442,
                            42.355
                        ],
                        [
                            25.452,
                            42.361
                        ],
                        [
                            25.457,
                            42.363
                        ],
                        [
                            25.411,
                            42.366
                        ],
                        [
                            25.398,
                            42.373
                        ],
                        [
                            25.392,
                            42.377
                        ],
                        [
                            25.391,
                            42.378
                        ],
                        [
                            25.386,
                            42.377
                        ],
                        [
                            25.358,
                            42.368
                        ],
                        [
                            25.356,
                            42.368
                        ],
                        [
                            25.348,
                            42.37
                        ],
                        [
                            25.351,
                            42.379
                        ],
                        [
                            25.351,
                            42.384
                        ],
                        [
                            25.364,
                            42.404
                        ],
                        [
                            25.363,
                            42.411
                        ],
                        [
                            25.35,
                            42.418
                        ],
                        [
                            25.353,
                            42.421
                        ],
                        [
                            25.334,
                            42.431
                        ],
                        [
                            25.333,
                            42.431
                        ],
                        [
                            25.315,
                            42.436
                        ],
                        [
                            25.302,
                            42.437
                        ],
                        [
                            25.285,
                            42.462
                        ],
                        [
                            25.284,
                            42.466
                        ],
                        [
                            25.285,
                            42.467
                        ],
                        [
                            25.28,
                            42.479
                        ],
                        [
                            25.305,
                            42.482
                        ],
                        [
                            25.335,
                            42.473
                        ],
                        [
                            25.366,
                            42.483
                        ],
                        [
                            25.367,
                            42.483
                        ],
                        [
                            25.373,
                            42.487
                        ],
                        [
                            25.374,
                            42.488
                        ],
                        [
                            25.375,
                            42.488
                        ],
                        [
                            25.376,
                            42.488
                        ],
                        [
                            25.377,
                            42.489
                        ],
                        [
                            25.378,
                            42.489
                        ],
                        [
                            25.379,
                            42.492
                        ],
                        [
                            25.379,
                            42.493
                        ],
                        [
                            25.38,
                            42.493
                        ],
                        [
                            25.381,
                            42.496
                        ],
                        [
                            25.402,
                            42.519
                        ],
                        [
                            25.414,
                            42.519
                        ],
                        [
                            25.42,
                            42.521
                        ],
                        [
                            25.441,
                            42.512
                        ],
                        [
                            25.467,
                            42.511
                        ],
                        [
                            25.468,
                            42.511
                        ],
                        [
                            25.492,
                            42.488
                        ],
                        [
                            25.514,
                            42.491
                        ],
                        [
                            25.523,
                            42.496
                        ],
                        [
                            25.524,
                            42.496
                        ],
                        [
                            25.537,
                            42.508
                        ],
                        [
                            25.54,
                            42.509
                        ],
                        [
                            25.541,
                            42.51
                        ],
                        [
                            25.574,
                            42.523
                        ],
                        [
                            25.61,
                            42.525
                        ],
                        [
                            25.61,
                            42.526
                        ],
                        [
                            25.617,
                            42.526
                        ],
                        [
                            25.619,
                            42.528
                        ],
                        [
                            25.656,
                            42.523
                        ],
                        [
                            25.657,
                            42.523
                        ],
                        [
                            25.658,
                            42.527
                        ],
                        [
                            25.659,
                            42.527
                        ],
                        [
                            25.66,
                            42.53
                        ],
                        [
                            25.66,
                            42.531
                        ],
                        [
                            25.66,
                            42.532
                        ],
                        [
                            25.66,
                            42.532
                        ],
                        [
                            25.66,
                            42.533
                        ],
                        [
                            25.688,
                            42.547
                        ],
                        [
                            25.69,
                            42.551
                        ],
                        [
                            25.691,
                            42.551
                        ],
                        [
                            25.705,
                            42.547
                        ],
                        [
                            25.71,
                            42.546
                        ],
                        [
                            25.71,
                            42.545
                        ],
                        [
                            25.717,
                            42.547
                        ],
                        [
                            25.738,
                            42.538
                        ],
                        [
                            25.765,
                            42.546
                        ],
                        [
                            25.796,
                            42.557
                        ],
                        [
                            25.807,
                            42.552
                        ],
                        [
                            25.829,
                            42.561
                        ],
                        [
                            25.845,
                            42.557
                        ],
                        [
                            25.846,
                            42.556
                        ],
                        [
                            25.848,
                            42.549
                        ],
                        [
                            25.864,
                            42.536
                        ],
                        [
                            25.864,
                            42.533
                        ],
                        [
                            25.866,
                            42.532
                        ],
                        [
                            25.905,
                            42.486
                        ],
                        [
                            25.914,
                            42.473
                        ],
                        [
                            25.911,
                            42.465
                        ],
                        [
                            25.883,
                            42.458
                        ],
                        [
                            25.874,
                            42.446
                        ],
                        [
                            25.876,
                            42.44
                        ],
                        [
                            25.879,
                            42.429
                        ],
                        [
                            25.898,
                            42.42
                        ],
                        [
                            25.905,
                            42.388
                        ],
                        [
                            25.91,
                            42.366
                        ],
                        [
                            25.909,
                            42.366
                        ],
                        [
                            25.9,
                            42.367
                        ],
                        [
                            25.891,
                            42.352
                        ],
                        [
                            25.89,
                            42.352
                        ],
                        [
                            25.875,
                            42.358
                        ],
                        [
                            25.839,
                            42.393
                        ],
                        [
                            25.798,
                            42.387
                        ],
                        [
                            25.798,
                            42.386
                        ],
                        [
                            25.785,
                            42.378
                        ],
                        [
                            25.78,
                            42.372
                        ],
                        [
                            25.767,
                            42.377
                        ],
                        [
                            25.736,
                            42.373
                        ],
                        [
                            25.725,
                            42.36
                        ],
                        [
                            25.713,
                            42.359
                        ],
                        [
                            25.702,
                            42.349
                        ],
                        [
                            25.699,
                            42.348
                        ],
                        [
                            25.684,
                            42.333
                        ],
                        [
                            25.687,
                            42.328
                        ],
                        [
                            25.708,
                            42.305
                        ],
                        [
                            25.737,
                            42.309
                        ],
                        [
                            25.765,
                            42.283
                        ],
                        [
                            25.753,
                            42.275
                        ],
                        [
                            25.719,
                            42.279
                        ],
                        [
                            25.711,
                            42.286
                        ],
                        [
                            25.71,
                            42.287
                        ],
                        [
                            25.659,
                            42.298
                        ],
                        [
                            25.628,
                            42.266
                        ],
                        [
                            25.638,
                            42.249
                        ],
                        [
                            25.63,
                            42.233
                        ],
                        [
                            25.619,
                            42.228
                        ],
                        [
                            25.616,
                            42.223
                        ],
                        [
                            25.61,
                            42.211
                        ],
                        [
                            25.61,
                            42.211
                        ],
                        [
                            25.611,
                            42.211
                        ],
                        [
                            25.613,
                            42.21
                        ],
                        [
                            25.609,
                            42.201
                        ],
                        [
                            25.591,
                            42.195
                        ],
                        [
                            25.562,
                            42.205
                        ],
                        [
                            25.522,
                            42.181
                        ],
                        [
                            25.524,
                            42.194
                        ],
                        [
                            25.492,
                            42.204
                        ],
                        [
                            25.491,
                            42.204
                        ],
                        [
                            25.485,
                            42.224
                        ],
                        [
                            25.462,
                            42.236
                        ],
                        [
                            25.498,
                            42.253
                        ],
                        [
                            25.499,
                            42.26
                        ],
                        [
                            25.5,
                            42.264
                        ],
                        [
                            25.507,
                            42.266
                        ],
                        [
                            25.514,
                            42.278
                        ],
                        [
                            25.515,
                            42.28
                        ],
                        [
                            25.516,
                            42.281
                        ]
                    ]
                ]
            },
            "properties": {
                "geography_level_1": "stara_zagora",
                "is_multi": false,
                "is_clickable": 1
            }
        },
        {
            "type": "Feature",
            "geometry": {
                "type": "Polygon",
                "coordinates": [
                    [
                        [
                            24.591,
                            42.227
                        ],
                        [
                            24.612,
                            42.258
                        ],
                        [
                            24.642,
                            42.255
                        ],
                        [
                            24.665,
                            42.273
                        ],
                        [
                            24.663,
                            42.287
                        ],
                        [
                            24.668,
                            42.288
                        ],
                        [
                            24.669,
                            42.288
                        ],
                        [
                            24.687,
                            42.277
                        ],
                        [
                            24.721,
                            42.302
                        ],
                        [
                            24.739,
                            42.297
                        ],
                        [
                            24.751,
                            42.297
                        ],
                        [
                            24.786,
                            42.282
                        ],
                        [
                            24.812,
                            42.282
                        ],
                        [
                            24.814,
                            42.265
                        ],
                        [
                            24.831,
                            42.263
                        ],
                        [
                            24.856,
                            42.223
                        ],
                        [
                            24.857,
                            42.221
                        ],
                        [
                            24.858,
                            42.222
                        ],
                        [
                            24.859,
                            42.222
                        ],
                        [
                            24.86,
                            42.222
                        ],
                        [
                            24.861,
                            42.223
                        ],
                        [
                            24.863,
                            42.223
                        ],
                        [
                            24.874,
                            42.225
                        ],
                        [
                            24.89,
                            42.222
                        ],
                        [
                            24.893,
                            42.222
                        ],
                        [
                            24.913,
                            42.22
                        ],
                        [
                            24.907,
                            42.24
                        ],
                        [
                            24.949,
                            42.243
                        ],
                        [
                            24.966,
                            42.232
                        ],
                        [
                            24.967,
                            42.223
                        ],
                        [
                            24.998,
                            42.199
                        ],
                        [
                            24.991,
                            42.181
                        ],
                        [
                            24.991,
                            42.18
                        ],
                        [
                            24.992,
                            42.179
                        ],
                        [
                            24.976,
                            42.158
                        ],
                        [
                            24.936,
                            42.159
                        ],
                        [
                            24.935,
                            42.159
                        ],
                        [
                            24.898,
                            42.156
                        ],
                        [
                            24.898,
                            42.157
                        ],
                        [
                            24.894,
                            42.157
                        ],
                        [
                            24.893,
                            42.157
                        ],
                        [
                            24.868,
                            42.137
                        ],
                        [
                            24.861,
                            42.101
                        ],
                        [
                            24.853,
                            42.079
                        ],
                        [
                            24.864,
                            42.063
                        ],
                        [
                            24.843,
                            42.058
                        ],
                        [
                            24.824,
                            42.059
                        ],
                        [
                            24.801,
                            42.08
                        ],
                        [
                            24.759,
                            42.036
                        ],
                        [
                            24.758,
                            42.036
                        ],
                        [
                            24.739,
                            42.042
                        ],
                        [
                            24.719,
                            42.042
                        ],
                        [
                            24.707,
                            42.038
                        ],
                        [
                            24.696,
                            42.043
                        ],
                        [
                            24.694,
                            42.043
                        ],
                        [
                            24.697,
                            42.036
                        ],
                        [
                            24.691,
                            42.026
                        ],
                        [
                            24.679,
                            42.01
                        ],
                        [
                            24.68,
                            41.986
                        ],
                        [
                            24.68,
                            41.983
                        ],
                        [
                            24.68,
                            41.98
                        ],
                        [
                            24.677,
                            41.969
                        ],
                        [
                            24.677,
                            41.968
                        ],
                        [
                            24.677,
                            41.963
                        ],
                        [
                            24.675,
                            41.96
                        ],
                        [
                            24.673,
                            41.925
                        ],
                        [
                            24.672,
                            41.924
                        ],
                        [
                            24.662,
                            41.907
                        ],
                        [
                            24.629,
                            41.904
                        ],
                        [
                            24.628,
                            41.904
                        ],
                        [
                            24.628,
                            41.902
                        ],
                        [
                            24.594,
                            41.887
                        ],
                        [
                            24.593,
                            41.887
                        ],
                        [
                            24.58,
                            41.883
                        ],
                        [
                            24.563,
                            41.877
                        ],
                        [
                            24.55,
                            41.872
                        ],
                        [
                            24.533,
                            41.885
                        ],
                        [
                            24.532,
                            41.885
                        ],
                        [
                            24.511,
                            41.918
                        ],
                        [
                            24.521,
                            41.93
                        ],
                        [
                            24.52,
                            41.93
                        ],
                        [
                            24.502,
                            41.931
                        ],
                        [
                            24.483,
                            41.961
                        ],
                        [
                            24.47,
                            41.99
                        ],
                        [
                            24.474,
                            41.995
                        ],
                        [
                            24.499,
                            42.014
                        ],
                        [
                            24.494,
                            42.053
                        ],
                        [
                            24.501,
                            42.064
                        ],
                        [
                            24.51,
                            42.065
                        ],
                        [
                            24.536,
                            42.046
                        ],
                        [
                            24.545,
                            42.012
                        ],
                        [
                            24.546,
                            42.011
                        ],
                        [
                            24.55,
                            42.012
                        ],
                        [
                            24.555,
                            42.01
                        ],
                        [
                            24.556,
                            42.01
                        ],
                        [
                            24.557,
                            42.011
                        ],
                        [
                            24.558,
                            42.011
                        ],
                        [
                            24.583,
                            42.017
                        ],
                        [
                            24.584,
                            42.058
                        ],
                        [
                            24.573,
                            42.079
                        ],
                        [
                            24.567,
                            42.111
                        ],
                        [
                            24.584,
                            42.122
                        ],
                        [
                            24.583,
                            42.127
                        ],
                        [
                            24.583,
                            42.134
                        ],
                        [
                            24.585,
                            42.145
                        ],
                        [
                            24.536,
                            42.151
                        ],
                        [
                            24.518,
                            42.181
                        ],
                        [
                            24.499,
                            42.181
                        ],
                        [
                            24.497,
                            42.227
                        ],
                        [
                            24.577,
                            42.231
                        ],
                        [
                            24.591,
                            42.227
                        ]
                    ]
                ]
            },
            "properties": {
                "geography_level_1": "plovdiv",
                "is_multi": false,
                "is_clickable": 1
            }
        },
        {
            "type": "Feature",
            "geometry": {
                "type": "Polygon",
                "coordinates": [
                    [
                        [
                            26.018,
                            43.778
                        ],
                        [
                            26.008,
                            43.772
                        ],
                        [
                            25.963,
                            43.747
                        ],
                        [
                            25.926,
                            43.741
                        ],
                        [
                            25.926,
                            43.742
                        ],
                        [
                            25.898,
                            43.759
                        ],
                        [
                            25.866,
                            43.765
                        ],
                        [
                            25.888,
                            43.795
                        ],
                        [
                            25.942,
                            43.849
                        ],
                        [
                            25.993,
                            43.883
                        ],
                        [
                            26.046,
                            43.902
                        ],
                        [
                            26.065,
                            43.916
                        ],
                        [
                            26.08,
                            43.943
                        ],
                        [
                            26.105,
                            43.966
                        ],
                        [
                            26.146,
                            43.985
                        ],
                        [
                            26.158,
                            43.98
                        ],
                        [
                            26.152,
                            43.977
                        ],
                        [
                            26.159,
                            43.966
                        ],
                        [
                            26.149,
                            43.925
                        ],
                        [
                            26.162,
                            43.916
                        ],
                        [
                            26.187,
                            43.904
                        ],
                        [
                            26.194,
                            43.899
                        ],
                        [
                            26.208,
                            43.89
                        ],
                        [
                            26.209,
                            43.89
                        ],
                        [
                            26.216,
                            43.887
                        ],
                        [
                            26.247,
                            43.838
                        ],
                        [
                            26.273,
                            43.849
                        ],
                        [
                            26.283,
                            43.858
                        ],
                        [
                            26.318,
                            43.864
                        ],
                        [
                            26.338,
                            43.864
                        ],
                        [
                            26.353,
                            43.836
                        ],
                        [
                            26.354,
                            43.835
                        ],
                        [
                            26.353,
                            43.8
                        ],
                        [
                            26.355,
                            43.796
                        ],
                        [
                            26.356,
                            43.785
                        ],
                        [
                            26.352,
                            43.778
                        ],
                        [
                            26.345,
                            43.775
                        ],
                        [
                            26.247,
                            43.784
                        ],
                        [
                            26.248,
                            43.756
                        ],
                        [
                            26.248,
                            43.754
                        ],
                        [
                            26.211,
                            43.734
                        ],
                        [
                            26.191,
                            43.721
                        ],
                        [
                            26.17,
                            43.725
                        ],
                        [
                            26.133,
                            43.696
                        ],
                        [
                            26.133,
                            43.697
                        ],
                        [
                            26.079,
                            43.742
                        ],
                        [
                            26.088,
                            43.761
                        ],
                        [
                            26.082,
                            43.763
                        ],
                        [
                            26.046,
                            43.76
                        ],
                        [
                            26.044,
                            43.767
                        ],
                        [
                            26.033,
                            43.773
                        ],
                        [
                            26.018,
                            43.778
                        ]
                    ]
                ]
            },
            "properties": {
                "geography_level_1": "ruse",
                "is_multi": false,
                "is_clickable": 1
            }
        },
        {
            "type": "Feature",
            "geometry": {
                "type": "Polygon",
                "coordinates": [
                    [
                        [
                            27.318,
                            42.494
                        ],
                        [
                            27.287,
                            42.487
                        ],
                        [
                            27.26,
                            42.481
                        ],
                        [
                            27.256,
                            42.481
                        ],
                        [
                            27.241,
                            42.49
                        ],
                        [
                            27.218,
                            42.511
                        ],
                        [
                            27.225,
                            42.519
                        ],
                        [
                            27.224,
                            42.519
                        ],
                        [
                            27.222,
                            42.521
                        ],
                        [
                            27.221,
                            42.521
                        ],
                        [
                            27.22,
                            42.524
                        ],
                        [
                            27.22,
                            42.526
                        ],
                        [
                            27.219,
                            42.529
                        ],
                        [
                            27.219,
                            42.53
                        ],
                        [
                            27.218,
                            42.531
                        ],
                        [
                            27.216,
                            42.532
                        ],
                        [
                            27.211,
                            42.549
                        ],
                        [
                            27.25,
                            42.548
                        ],
                        [
                            27.251,
                            42.548
                        ],
                        [
                            27.267,
                            42.534
                        ],
                        [
                            27.281,
                            42.53
                        ],
                        [
                            27.285,
                            42.528
                        ],
                        [
                            27.285,
                            42.527
                        ],
                        [
                            27.295,
                            42.521
                        ],
                        [
                            27.32,
                            42.52
                        ],
                        [
                            27.36,
                            42.55
                        ],
                        [
                            27.368,
                            42.565
                        ],
                        [
                            27.335,
                            42.589
                        ],
                        [
                            27.283,
                            42.6
                        ],
                        [
                            27.263,
                            42.592
                        ],
                        [
                            27.24,
                            42.606
                        ],
                        [
                            27.239,
                            42.606
                        ],
                        [
                            27.235,
                            42.611
                        ],
                        [
                            27.265,
                            42.62
                        ],
                        [
                            27.275,
                            42.639
                        ],
                        [
                            27.27,
                            42.654
                        ],
                        [
                            27.305,
                            42.647
                        ],
                        [
                            27.307,
                            42.641
                        ],
                        [
                            27.308,
                            42.641
                        ],
                        [
                            27.355,
                            42.643
                        ],
                        [
                            27.361,
                            42.655
                        ],
                        [
                            27.361,
                            42.656
                        ],
                        [
                            27.361,
                            42.658
                        ],
                        [
                            27.361,
                            42.665
                        ],
                        [
                            27.362,
                            42.666
                        ],
                        [
                            27.389,
                            42.66
                        ],
                        [
                            27.394,
                            42.658
                        ],
                        [
                            27.402,
                            42.663
                        ],
                        [
                            27.413,
                            42.67
                        ],
                        [
                            27.414,
                            42.67
                        ],
                        [
                            27.425,
                            42.68
                        ],
                        [
                            27.424,
                            42.681
                        ],
                        [
                            27.409,
                            42.698
                        ],
                        [
                            27.41,
                            42.701
                        ],
                        [
                            27.411,
                            42.701
                        ],
                        [
                            27.412,
                            42.707
                        ],
                        [
                            27.432,
                            42.712
                        ],
                        [
                            27.48,
                            42.707
                        ],
                        [
                            27.482,
                            42.707
                        ],
                        [
                            27.483,
                            42.707
                        ],
                        [
                            27.497,
                            42.703
                        ],
                        [
                            27.494,
                            42.684
                        ],
                        [
                            27.515,
                            42.664
                        ],
                        [
                            27.519,
                            42.645
                        ],
                        [
                            27.507,
                            42.64
                        ],
                        [
                            27.506,
                            42.64
                        ],
                        [
                            27.507,
                            42.639
                        ],
                        [
                            27.522,
                            42.595
                        ],
                        [
                            27.509,
                            42.585
                        ],
                        [
                            27.537,
                            42.575
                        ],
                        [
                            27.54,
                            42.559
                        ],
                        [
                            27.533,
                            42.559
                        ],
                        [
                            27.53,
                            42.559
                        ],
                        [
                            27.528,
                            42.558
                        ],
                        [
                            27.525,
                            42.558
                        ],
                        [
                            27.524,
                            42.557
                        ],
                        [
                            27.523,
                            42.557
                        ],
                        [
                            27.52,
                            42.556
                        ],
                        [
                            27.518,
                            42.555
                        ],
                        [
                            27.515,
                            42.554
                        ],
                        [
                            27.489,
                            42.526
                        ],
                        [
                            27.485,
                            42.495
                        ],
                        [
                            27.487352813,
                            42.491459275
                        ],
                        [
                            27.488260969,
                            42.487248734
                        ],
                        [
                            27.489581923,
                            42.484854505
                        ],
                        [
                            27.487270253,
                            42.48361611
                        ],
                        [
                            27.486692336,
                            42.481882358
                        ],
                        [
                            27.48355507,
                            42.479075331
                        ],
                        [
                            27.479179409,
                            42.471975202
                        ],
                        [
                            27.460520932,
                            42.478786372
                        ],
                        [
                            27.451191694,
                            42.476598542
                        ],
                        [
                            27.447,
                            42.474
                        ],
                        [
                            27.447,
                            42.472
                        ],
                        [
                            27.45,
                            42.463
                        ],
                        [
                            27.448,
                            42.463
                        ],
                        [
                            27.451,
                            42.457
                        ],
                        [
                            27.452,
                            42.457
                        ],
                        [
                            27.465763469,
                            42.450757377
                        ],
                        [
                            27.466712905,
                            42.448858505
                        ],
                        [
                            27.467043143,
                            42.446959634
                        ],
                        [
                            27.469065854,
                            42.447042193
                        ],
                        [
                            27.475,
                            42.451
                        ],
                        [
                            27.469891451,
                            42.452862648
                        ],
                        [
                            27.469891451,
                            42.45682551
                        ],
                        [
                            27.478642772,
                            42.464255877
                        ],
                        [
                            27.487063854,
                            42.456330152
                        ],
                        [
                            27.500438514,
                            42.445927638
                        ],
                        [
                            27.51480389,
                            42.435525125
                        ],
                        [
                            27.522,
                            42.432
                        ],
                        [
                            27.522,
                            42.433
                        ],
                        [
                            27.523183693,
                            42.435607684
                        ],
                        [
                            27.524174408,
                            42.437176317
                        ],
                        [
                            27.524504647,
                            42.438455992
                        ],
                        [
                            27.525123844,
                            42.440272304
                        ],
                        [
                            27.527641913,
                            42.440231024
                        ],
                        [
                            27.531439656,
                            42.449230024
                        ],
                        [
                            27.534081564,
                            42.451706813
                        ],
                        [
                            27.532512931,
                            42.454266161
                        ],
                        [
                            27.536475794,
                            42.45897206
                        ],
                        [
                            27.546548069,
                            42.456247592
                        ],
                        [
                            27.57,
                            42.446
                        ],
                        [
                            27.56,
                            42.435
                        ],
                        [
                            27.551,
                            42.42
                        ],
                        [
                            27.536,
                            42.412
                        ],
                        [
                            27.53,
                            42.384
                        ],
                        [
                            27.5,
                            42.376
                        ],
                        [
                            27.499,
                            42.375
                        ],
                        [
                            27.5,
                            42.371
                        ],
                        [
                            27.509,
                            42.355
                        ],
                        [
                            27.502,
                            42.324
                        ],
                        [
                            27.497,
                            42.309
                        ],
                        [
                            27.447,
                            42.296
                        ],
                        [
                            27.45,
                            42.304
                        ],
                        [
                            27.432,
                            42.381
                        ],
                        [
                            27.432,
                            42.383
                        ],
                        [
                            27.415,
                            42.386
                        ],
                        [
                            27.405,
                            42.385
                        ],
                        [
                            27.388,
                            42.395
                        ],
                        [
                            27.361,
                            42.403
                        ],
                        [
                            27.357,
                            42.411
                        ],
                        [
                            27.386,
                            42.423
                        ],
                        [
                            27.376,
                            42.436
                        ],
                        [
                            27.376,
                            42.437
                        ],
                        [
                            27.372,
                            42.442
                        ],
                        [
                            27.345,
                            42.472
                        ],
                        [
                            27.333,
                            42.469
                        ],
                        [
                            27.332,
                            42.469
                        ],
                        [
                            27.318,
                            42.494
                        ]
                    ]
                ]
            },
            "properties": {
                "geography_level_1": "burgas",
                "is_multi": false,
                "is_clickable": 1
            }
        },
        {
            "type": "Feature",
            "geometry": {
                "type": "Polygon",
                "coordinates": [
                    [
                        [
                            27.924,
                            43.106
                        ],
                        [
                            27.923,
                            43.106
                        ],
                        [
                            27.884,
                            43.106
                        ],
                        [
                            27.883,
                            43.106
                        ],
                        [
                            27.869,
                            43.121
                        ],
                        [
                            27.864,
                            43.127
                        ],
                        [
                            27.864,
                            43.128
                        ],
                        [
                            27.86,
                            43.132
                        ],
                        [
                            27.859,
                            43.133
                        ],
                        [
                            27.849,
                            43.14
                        ],
                        [
                            27.819,
                            43.139
                        ],
                        [
                            27.799,
                            43.129
                        ],
                        [
                            27.798,
                            43.129
                        ],
                        [
                            27.777,
                            43.144
                        ],
                        [
                            27.776,
                            43.144
                        ],
                        [
                            27.736,
                            43.15
                        ],
                        [
                            27.74,
                            43.187
                        ],
                        [
                            27.743,
                            43.192
                        ],
                        [
                            27.747,
                            43.191
                        ],
                        [
                            27.794,
                            43.19
                        ],
                        [
                            27.786,
                            43.216
                        ],
                        [
                            27.805,
                            43.23
                        ],
                        [
                            27.835,
                            43.229
                        ],
                        [
                            27.834,
                            43.243
                        ],
                        [
                            27.833,
                            43.276
                        ],
                        [
                            27.851,
                            43.272
                        ],
                        [
                            27.869,
                            43.266
                        ],
                        [
                            27.87,
                            43.266
                        ],
                        [
                            27.879,
                            43.271
                        ],
                        [
                            27.885,
                            43.284
                        ],
                        [
                            27.916,
                            43.268
                        ],
                        [
                            27.933,
                            43.25
                        ],
                        [
                            27.959,
                            43.252
                        ],
                        [
                            27.992,
                            43.257
                        ],
                        [
                            28.028,
                            43.298
                        ],
                        [
                            28.029,
                            43.298
                        ],
                        [
                            28.056,
                            43.31
                        ],
                        [
                            28.056,
                            43.309
                        ],
                        [
                            28.054630362,
                            43.302803735
                        ],
                        [
                            28.049456625,
                            43.285879011
                        ],
                        [
                            28.031073347,
                            43.244599195
                        ],
                        [
                            28.026119769,
                            43.239535538
                        ],
                        [
                            28.021166191,
                            43.230839256
                        ],
                        [
                            28.018744442,
                            43.224234486
                        ],
                        [
                            28.008617127,
                            43.215428125
                        ],
                        [
                            27.994306791,
                            43.211245104
                        ],
                        [
                            27.987922179,
                            43.211685422
                        ],
                        [
                            27.971190094,
                            43.211245104
                        ],
                        [
                            27.928,
                            43.205
                        ],
                        [
                            27.926938131,
                            43.191430792
                        ],
                        [
                            27.930900994,
                            43.184385704
                        ],
                        [
                            27.932221948,
                            43.180863159
                        ],
                        [
                            27.948073397,
                            43.174918866
                        ],
                        [
                            27.948733874,
                            43.141014377
                        ],
                        [
                            27.924,
                            43.106
                        ]
                    ]
                ]
            },
            "properties": {
                "geography_level_1": "varna",
                "is_multi": false,
                "is_clickable": 1
            }
        }
    ]
}